cuisines,has_online_delivery,is_book_form_web_view,votes,name,switch_to_order_menu,has_table_booking,currency,rating_text,city_id,average_cost_for_two,has_fake_reviews,price_range,address,locality_verbose,aggregate_rating,latitude,country_id,is_table_reservation_supported,rating_color,url,longitude
North Indian,1,0,1810,Eat On,0,0,Rs.,Excellent,24,200,0,1,"19/35, Palace Compound, Near Palace Cinema, MG Marg, Civil Lines, Allahabad","Civil Lines, Allahabad",4.9,25.4504428014,1,0,3F7E00,https://www.zomato.com/allahabad/eat-on-civil-lines?utm_source=api_basic_user&utm_medium=api&utm_campaign=v2.1,81.8317518756
"Momos, Beverages",1,0,113,Nainital Momos,0,0,Rs.,Very Good,24,400,0,2,"45A/89C/2, Thornill Road, Civil Lines, Allahabad","Civil Lines, Allahabad",4.1,25.4597619897,1,0,5BA829,https://www.zomato.com/allahabad/nainital-momos-10-civil-lines?utm_source=api_basic_user&utm_medium=api&utm_campaign=v2.1,81.8386418000
"Italian, Pizza",1,0,516,Pizza Hut,0,0,Rs.,Very Good,24,700,0,3,"31/31, Sardar Patel Marg, Civil Lines, Allahabad","Civil Lines, Allahabad",4.0,25.4558653587,1,0,5BA829,https://www.zomato.com/allahabad/pizza-hut-civil-lines?utm_source=api_basic_user&utm_medium=api&utm_campaign=v2.1,81.8354020268
"Desserts, Fast Food, Ice Cream",1,0,191,Hot n Cool,0,0,Rs.,Very Good,24,450,0,2,"194, Opposite Anand Bhawan, Colonel Ganj, Allahabad","Colonel Ganj, Allahabad",4.2,25.4599708640,1,0,5BA829,https://www.zomato.com/allahabad/hot-n-cool-colonel-ganj?utm_source=api_basic_user&utm_medium=api&utm_campaign=v2.1,81.8593699113
"North Indian, Mughlai",1,0,294,Pind Balluchi,0,0,Rs.,Very Good,24,1000,0,4,"48/8 Stratchy Road, Civil Lines, Allahabad","Civil Lines, Allahabad",4.3,25.4523627633,1,0,5BA829,https://www.zomato.com/allahabad/pind-balluchi-civil-lines?utm_source=api_basic_user&utm_medium=api&utm_campaign=v2.1,81.8328136951
"Burger, Fast Food",1,0,388,KFC,0,0,Rs.,Very Good,24,600,0,3,"P Square Mall, Civil Lines, Allahabad","Civil Lines, Allahabad",4.2,25.4495348806,1,0,5BA829,https://www.zomato.com/allahabad/kfc-civil-lines?utm_source=api_basic_user&utm_medium=api&utm_campaign=v2.1,81.8396013603
Cafe,1,0,261,Well Bean Cafe,0,0,Rs.,Very Good,24,500,0,3,"207/53, MG Marg, Above Subway ,Civil Lines, Allahabad","Civil Lines, Allahabad",4.3,25.4501312815,1,0,5BA829,https://www.zomato.com/allahabad/well-bean-cafe-civil-lines?utm_source=api_basic_user&utm_medium=api&utm_campaign=v2.1,81.8338825554
"Cafe, North Indian, Continental, Chinese, Indian, Thai, Burger",1,0,350,Old School Cafe,0,0,Rs.,Very Good,24,1000,0,4,"33/2/A, Stretchy Road, Civil Lines, Allahabad","Civil Lines, Allahabad",4.4,25.4546577770,1,0,5BA829,https://www.zomato.com/allahabad/old-school-cafe-civil-lines?utm_source=api_basic_user&utm_medium=api&utm_campaign=v2.1,81.8336213753
"Pizza, Fast Food",0,0,488,Domino's Pizza,0,0,Rs.,Good,24,700,0,3,"3/31, Sardar Patel Marg, Civil Lines, Allahabad","Civil Lines, Allahabad",3.7,25.4546100000,1,0,9ACD32,https://www.zomato.com/allahabad/dominos-pizza-1-civil-lines?utm_source=api_basic_user&utm_medium=api&utm_campaign=v2.1,81.8355100000
"Pizza, Fast Food",0,0,494,Domino's Pizza,0,0,Rs.,Good,24,700,0,3,"Ground Floor, Vinayak City Centre, Sardar Patel Marg, Civil Lines, Allahabad","Civil Lines, Allahabad",3.9,25.4546356500,1,0,9ACD32,https://www.zomato.com/allahabad/dominos-pizza-civil-lines?utm_source=api_basic_user&utm_medium=api&utm_campaign=v2.1,81.8345421700
"North Indian, Chinese",1,0,439,Mr. Dewsis,0,0,Rs.,Very Good,24,600,0,3,"Serial 2, Tashkand Marg Civil Lines, Allahabad","Civil Lines, Allahabad",4.2,25.4555053711,1,0,5BA829,https://www.zomato.com/allahabad/mr-dewsis-civil-lines?utm_source=api_basic_user&utm_medium=api&utm_campaign=v2.1,81.8337936401
"South Indian, North Indian, Chinese, Continental",0,0,569,Sagar Ratna,0,0,Rs.,Very Good,24,600,0,3,"3/3, Hashimpur Road, Balson Crossing, Near Anand Bhawan, Tagore Town, Allahabad","Tagore Town, Allahabad",4.3,25.4572654601,1,0,5BA829,https://www.zomato.com/allahabad/sagar-ratna-tagore-town?utm_source=api_basic_user&utm_medium=api&utm_campaign=v2.1,81.8600317463
"North Indian, South Indian, Fast Food",1,0,278,Aryan Family's Delight,0,0,Rs.,Very Good,24,500,0,3,"Ground Floor, Vinayak City Centre, Sardar Patel Marg, Civil Lines, Allahabad","Civil Lines, Allahabad",4.3,25.4545369879,1,0,5BA829,https://www.zomato.com/allahabad/aryan-familys-delight-civil-lines?utm_source=api_basic_user&utm_medium=api&utm_campaign=v2.1,81.8348850310
"Continental, North Indian, Chinese",1,0,499,El Chico Restaurant,0,0,Rs.,Very Good,24,800,0,3,"142A, 32, Mahatma Gandhi, Civil Lines, Allahabad","Civil Lines, Allahabad",4.4,25.4505387699,1,0,5BA829,https://www.zomato.com/allahabad/el-chico-restaurant-civil-lines?utm_source=api_basic_user&utm_medium=api&utm_campaign=v2.1,81.8336277455
"Burger, Fast Food",0,0,465,McDonald's,0,0,Rs.,Very Good,24,500,0,3,"Shop 4, 34-B, M G Marg, Civil Lines, Allahabad","Civil Lines, Allahabad",4.2,25.4505045603,1,0,5BA829,https://www.zomato.com/allahabad/mcdonalds-civil-lines?utm_source=api_basic_user&utm_medium=api&utm_campaign=v2.1,81.8362633511
"Cafe, Desserts, Beverages",1,0,321,SCORE - The Games Cafe,0,0,Rs.,Excellent,24,200,0,1,"138 C/30, M.G. Marg Civil Lines, Behind Bank of Baroda, Near Subhash Crossing, Civil Lines, Allahabad","Civil Lines, Allahabad",4.5,25.4511560548,1,0,3F7E00,https://www.zomato.com/allahabad/score-the-games-cafe-1-civil-lines?utm_source=api_basic_user&utm_medium=api&utm_campaign=v2.1,81.8330980092
"Cafe, Italian, Continental",1,0,216,Cafe El Chico,0,0,Rs.,Very Good,24,1000,0,4,"142A, 32, Mahatma Gandhi, Civil Lines, Allahabad","Civil Lines, Allahabad",4.3,25.4499432793,1,0,5BA829,https://www.zomato.com/allahabad/cafe-el-chico-civil-lines?utm_source=api_basic_user&utm_medium=api&utm_campaign=v2.1,81.8362127244
"North Indian, Street Food, Fast Food",1,0,208,Bikanerwala,0,0,Rs.,Very Good,24,500,0,3,"2A, JMD Bhawan, Strachey Road, Civil Lines, Allahabad","Civil Li//console.log(data)nes, Allahabad",4.1,25.4513358811,1,0,5BA829,https://www.zomato.com/allahabad/bikanerwala-civil-lines?utm_source=api_basic_user&utm_medium=api&utm_campaign=v2.1,81.8326148763
"North Indian, Fast Food, Street Food, South Indian, Chinese",0,0,288,Haldiram Bhujiawala,0,0,Rs.,Very Good,24,700,0,3,"25, Tashkent Marg, Civil Lines, Allahabad","Civil Lines, Allahabad",4.1,25.4556116737,1,0,5BA829,https://www.zomato.com/allahabad/haldiram-bhujiawala-civil-lines?utm_source=api_basic_user&utm_medium=api&utm_campaign=v2.1,81.8342027441
"North Indian, Chinese, Continental",0,0,75,EDEN by Connoisseur,0,0,Rs.,Very Good,24,1000,0,4,"Hotel Samrat, Civil Lines, Allahabad","Civil Lines, Allahabad",4.2,25.4498680000,1,0,5BA829,https://www.zomato.com/allahabad/eden-by-connoisseur-civil-lines?utm_source=api_basic_user&utm_medium=api&utm_campaign=v2.1,81.8336210000
North Indian,1,0,95,Black Out Restaurant,0,0,Rs.,Good,24,500,0,3,"Allahabad - Pratapgarh Road, Barrister Mullah Colony, MNNIT Allahabad Campus, Teliarganj, Allahabad","Katra, Allahabad",3.9,25.4933473388,1,0,9ACD32,https://www.zomato.com/allahabad/black-out-restaurant-katra?utm_source=api_basic_user&utm_medium=api&utm_campaign=v2.1,81.8609634787
"Chinese, Continental, Momos",1,0,79,The Pantry Car,0,0,Rs.,Good,24,300,0,2,"38/1, Tashkand Marg, Agnipath Colony, Civil Lines, Prayagraj,","Civil Lines, Allahabad",3.9,25.4553010753,1,0,9ACD32,https://www.zomato.com/allahabad/the-pantry-car-civil-lines?utm_source=api_basic_user&utm_medium=api&utm_campaign=v2.1,81.8356548250
"North Indian, Chinese",1,0,330,Tandoor Restaurant,0,0,Rs.,Average,24,500,0,3,"17/33, Mahatama Gandhi Marg, Civil Lines, Allahabad","Civil Lines, Allahabad",2.7,25.4505127343,1,0,FFBA00,https://www.zomato.com/allahabad/tandoor-restaurant-civil-lines?utm_source=api_basic_user&utm_medium=api&utm_campaign=v2.1,81.8313559145
"Desserts, Fast Food",1,0,198,Paradise,0,0,Rs.,Excellent,24,500,0,3,"19/35, MG Marg, Civil Lines, Allahabad","Civil Lines, Allahabad",4.5,25.4501830501,1,0,3F7E00,https://www.zomato.com/allahabad/paradise-civil-lines?utm_source=api_basic_user&utm_medium=api&utm_campaign=v2.1,81.8317683041
"Biryani, Mughlai",1,0,146,Baba Biryani,0,0,Rs.,Poor,24,500,0,3,"26, Tashkent Marg, Madhopur, Allahabad","Civil Lines, Allahabad",2.4,25.4554270100,1,0,FF7800,https://www.zomato.com/allahabad/baba-biryani-1-civil-lines?utm_source=api_basic_user&utm_medium=api&utm_campaign=v2.1,81.8360980600
"North Indian, Mediterranean",0,0,235,Barbeque Nation,0,1,Rs.,Excellent,24,1200,0,4,"Fifth Floor, P Square Mall, MG Road, Civil Lines, Allahabad","Civil Lines, Allahabad",4.6,25.4494530000,1,1,3F7E00,https://www.zomato.com/allahabad/barbeque-nation-2-civil-lines?utm_source=api_basic_user&utm_medium=api&utm_campaign=v2.1,81.8395360000
"South Indian, Chinese",1,0,244,The Tamarind Tree,0,0,Rs.,Good,24,500,0,3,"60 C, Thornhill Road, Civil Lines, Allahabad","Civil Lines, Allahabad",3.9,25.4597453403,1,0,9ACD32,https://www.zomato.com/allahabad/the-tamarind-tree-civil-lines?utm_source=api_basic_user&utm_medium=api&utm_campaign=v2.1,81.8349437043
"Pizza, Beverages",1,0,330,Chicago Pizza,0,0,Rs.,Very Good,24,400,0,2,"Vinayak City Square, Sardar Patel Marg, Parade Ground, Civil Lines, Allahabad","Civil Lines, Allahabad",4.1,25.4520000860,1,0,5BA829,https://www.zomato.com/allahabad/chicago-pizza-civil-lines?utm_source=api_basic_user&utm_medium=api&utm_campaign=v2.1,81.8350791559
"North Indian, South Indian, Chinese",1,0,96,Chhappan Bhog,0,0,Rs.,Good,24,600,0,3,"17/2, Kutchery Road, Katra, Allahabad","Katra, Allahabad",3.6,25.4647321908,1,0,9ACD32,https://www.zomato.com/allahabad/chhappan-bhog-katra?utm_source=api_basic_user&utm_medium=api&utm_campaign=v2.1,81.8487413228
"Fast Food, Chinese",1,0,85,Hot n Cool,0,0,Rs.,Very Good,24,300,0,2,"262, Armaan Market, Indalpur Road, Mahewa, Near Bank Of Baroda, Naini, Allahabad","Naini, Allahabad",4.0,25.4101150155,1,0,5BA829,https://www.zomato.com/allahabad/hot-n-cool-naini?utm_source=api_basic_user&utm_medium=api&utm_campaign=v2.1,81.8447079510
"Fast Food, Desserts",1,0,136,Paradise Confectioner,0,0,Rs.,Very Good,24,500,0,3,"3/3 Hashimpur Road, Tagore Town, Allahabad","Tagore Town, Allahabad",4.3,25.4572808989,1,0,5BA829,https://www.zomato.com/allahabad/paradise-confectioner-tagore-town?utm_source=api_basic_user&utm_medium=api&utm_campaign=v2.1,81.8600495160
"North Indian, Fast Food",0,0,266,Hot Stuff,0,0,Rs.,Very Good,24,500,0,3,"21 C, Lal Bhadhur Shastri Marg, Civil Lines, Allahabad","Civil Lines, Allahabad",4.0,25.4526318946,1,0,5BA829,https://www.zomato.com/allahabad/hot-stuff-civil-lines?utm_source=api_basic_user&utm_medium=api&utm_campaign=v2.1,81.8347324803
"Indian, Continental",1,0,121,Cafe BigBoxx,0,0,Rs.,Very Good,24,600,0,3,"Orchard One Hotel 
Near Big Bazaar, 
Civil Lines,
Allahabad","Civil Lines, Allahabad",4.2,25.4517463929,1,0,5BA829,https://www.zomato.com/allahabad/cafe-bigboxx-civil-lines?utm_source=api_basic_user&utm_medium=api&utm_campaign=v2.1,81.8374706805
"North Indian, Chinese",1,0,133,Raju Kitchen Restaurant,0,0,Rs.,Good,24,400,0,2,"Tandon Road, Civil Lines, Allahabad","Civil Lines, Allahabad",3.9,25.4562404361,1,0,9ACD32,https://www.zomato.com/allahabad/raju-kitchen-restaurant-civil-lines?utm_source=api_basic_user&utm_medium=api&utm_campaign=v2.1,81.8309160322
"Chinese, North Indian, Continental, Beverages",1,0,19,Busy Bee Restro,0,0,Rs.,Good,24,700,0,3,"Arail Mod Chauraha, Infront Of Rudra Apartment, Naini, Allahabad","Naini, Allahabad",3.5,25.4029140000,1,0,9ACD32,https://www.zomato.com/allahabad/busy-bee-restro-naini?utm_source=api_basic_user&utm_medium=api&utm_campaign=v2.1,81.8686910000
Fast Food,1,0,35,Andeywala,0,0,Rs.,Good,24,200,0,1,"Shop 15, Tulsiani Grace Mall, Civil Lines, Allahabad","Civil Lines, Allahabad",3.8,25.4546670000,1,0,9ACD32,https://www.zomato.com/allahabad/andeywala-civil-lines?utm_source=api_basic_user&utm_medium=api&utm_campaign=v2.1,81.8338890000
"Healthy Food, Salad, Fast Food",1,0,170,Subway,0,0,Rs.,Very Good,24,500,0,3,"207/53, Mahatma Gandhi Marg, Civil Lines, Allahabad","Civil Lines, Allahabad",4.0,25.4501915269,1,0,5BA829,https://www.zomato.com/allahabad/subway-civil-lines?utm_source=api_basic_user&utm_medium=api&utm_campaign=v2.1,81.8339630216
"Cafe, Beverages, Bakery",1,0,291,Malt,0,0,Rs.,Excellent,24,300,0,2,"Om Sharda Complex, Opposite Akash Puri Colony, Ashok Nagar, Allahabad","Ashok Nagar, Allahabad",4.7,25.4677207511,1,0,3F7E00,https://www.zomato.com/allahabad/malt-ashok-nagar?utm_source=api_basic_user&utm_medium=api&utm_campaign=v2.1,81.8226799741
"Bakery, Italian, Continental, Desserts",1,0,64,7th Heaven,0,0,Rs.,Very Good,24,200,0,1,"128B/24/6A, Mahatma Gandhi Marg, Civil Lines, Allahabad","Civil Lines, Allahabad",4.1,25.4509577611,1,0,5BA829,https://www.zomato.com/allahabad/7th-heaven-civil-lines?utm_source=api_basic_user&utm_medium=api&utm_campaign=v2.1,81.8311906233
"Desserts, Mithai",0,0,206,Netram Mulchand & Sons,0,0,Rs.,Very Good,24,300,0,2,"259, Katra Chouraha, Katra, Allahabad","Katra, Allahabad",4.1,25.4646511000,1,0,5BA829,https://www.zomato.com/allahabad/netram-mulchand-sons-katra?utm_source=api_basic_user&utm_medium=api&utm_campaign=v2.1,81.7820477000
Cafe,1,0,83,BrewBakes,0,0,Rs.,Good,24,500,0,3,"45/A/1A/4, Dayanand Marg, Near Dhobi Petrol Pump Chauraha, Civil Lines, Allahabad","Civil Lines, Allahabad",3.8,25.4597093170,1,0,9ACD32,https://www.zomato.com/allahabad/brewbakes-civil-lines?utm_source=api_basic_user&utm_medium=api&utm_campaign=v2.1,81.8388701230
Chinese,1,0,60,Prayag Food Plaza,0,0,Rs.,Very Good,24,300,0,2,"143/21-B, Madan Mohan Malviya Road, George Town, Allahabad","George Town, Allahabad",4.0,25.4507637054,1,0,5BA829,https://www.zomato.com/allahabad/prayag-food-plaza-george-town?utm_source=api_basic_user&utm_medium=api&utm_campaign=v2.1,81.8609202281
"Cafe, Fast Food",1,0,171,Bean Here,0,0,Rs.,Good,24,350,0,2,"Vinayak Pushp, 77 Elgin Road, Near Florista, Civil Lines, Allahabad","Civil Lines, Allahabad",3.9,25.4531053705,1,0,9ACD32,https://www.zomato.com/allahabad/bean-here-civil-lines?utm_source=api_basic_user&utm_medium=api&utm_campaign=v2.1,81.8328210711
"North Indian, Chinese, Continental",1,0,141,Celebrations,0,0,Rs.,Good,24,600,0,3,"3D/1, Near Prithvi Garden, Cooper Road, Civil Lines, Allahabad","Civil Lines, Allahabad",3.7,25.4540165944,1,0,9ACD32,https://www.zomato.com/allahabad/celebrations-civil-lines?utm_source=api_basic_user&utm_medium=api&utm_campaign=v2.1,81.8370539323
Cafe,1,0,100,Coffee Calling,0,0,Rs.,Good,24,400,0,2,"Vinayak Central Plaza, Behind Big Bazar, Civil Lines, Allahabad","Civil Lines, Allahabad",3.8,25.4512453625,1,0,9ACD32,https://www.zomato.com/allahabad/coffee-calling-civil-lines?utm_source=api_basic_user&utm_medium=api&utm_campaign=v2.1,81.8367478251
"Biryani, North Indian, Finger Food",1,0,146,Barcode,0,0,Rs.,Average,24,1400,0,4,"22/B, Sardar Patel Marg, Civil Lines, Allahabad, Uttar Pradesh 211001, India","Civil Lines, Allahabad",3.4,25.4548379009,1,0,CDD614,https://www.zomato.com/allahabad/barcode-3-civil-lines?utm_source=api_basic_user&utm_medium=api&utm_campaign=v2.1,81.8350392580
"North Indian, South Indian, Chinese, Fast Food",0,0,192,Makkhan's Restaurant,0,0,Rs.,Very Good,24,450,0,2,"39/41, Meera Patti, G T Road, Transport Nagar, Near Dhoomanganj, Allahabad","Dhoomanganj, Allahabad",4.0,25.4497313602,1,0,5BA829,https://www.zomato.com/allahabad/makkhans-restaurant-dhoomanganj?utm_source=api_basic_user&utm_medium=api&utm_campaign=v2.1,81.7706635594
Mithai,1,0,148,Kamdhenu,0,0,Rs.,Very Good,24,400,0,2,"Elgin Road, Civil Lines, Allahabad","Civil Lines, Allahabad",4.1,25.4532250000,1,0,5BA829,https://www.zomato.com/allahabad/kamdhenu-1-civil-lines?utm_source=api_basic_user&utm_medium=api&utm_campaign=v2.1,81.8329060000
North Indian,1,0,134,9280 The Family Restaurant,0,0,Rs.,Good,24,600,0,3,"10/14, Elgin Road, Civil Lines, Allahabad, Uttar Pradesh, India","Civil Lines, Allahabad",3.9,25.4528062696,1,0,9ACD32,https://www.zomato.com/allahabad/9280-the-family-restaurant-civil-lines?utm_source=api_basic_user&utm_medium=api&utm_campaign=v2.1,81.8408754095
"Mughlai, North Indian, Chinese",1,0,146,Moti Mahal Delux,0,0,Rs.,Very Good,24,600,0,3,"Second Floor, Vinayak City Center Mall, SP Marg, Civil Lines, Allahabad","Vinayak City Centre Mall, Civil Lines, Allahabad",4.0,25.4546205413,1,0,5BA829,https://www.zomato.com/allahabad/moti-mahal-delux-civil-lines?utm_source=api_basic_user&utm_medium=api&utm_campaign=v2.1,81.8346456438
"Mughlai, North Indian, Chinese, South Indian",1,0,83,Moti Mahal Delux Tandoori Trail,0,0,Rs.,Good,24,800,0,3,"Shop 18A, Second Floor, Sardar Patel Marg, Above HDFC Bank, Civil Lines, Allahabad","Civil Lines, Allahabad",3.8,25.4598222303,1,0,9ACD32,https://www.zomato.com/allahabad/moti-mahal-delux-tandoori-trail-1-civil-lines?utm_source=api_basic_user&utm_medium=api&utm_campaign=v2.1,81.8356451020
Desserts,1,0,123,Kamdhenu Sweets,0,0,Rs.,Very Good,24,400,0,2,"37, MG Marg, Civil Lines, Allahabad","Civil Lines, Allahabad",4.2,25.4504264534,1,0,5BA829,https://www.zomato.com/allahabad/kamdhenu-sweets-civil-lines?utm_source=api_basic_user&utm_medium=api&utm_campaign=v2.1,81.8321894109
"Beverages, Ice Cream, Desserts",1,0,75,Keventers,0,0,Rs.,Very Good,24,400,0,2,"202/45, MG Marg, Civil Lines, Allahabad","Civil Lines, Allahabad",4.1,25.4502693312,1,0,5BA829,https://www.zomato.com/allahabad/keventers-civil-lines?utm_source=api_basic_user&utm_medium=api&utm_campaign=v2.1,81.8335325271
"North Indian, Chinese",1,0,62,Bliss Restro,0,0,Rs.,Good,24,500,0,3,"262, Araman Market, Mahewa, Naini, Allahabad","Naini, Allahabad",3.5,25.4100959364,1,0,9ACD32,https://www.zomato.com/allahabad/bliss-restro-naini?utm_source=api_basic_user&utm_medium=api&utm_campaign=v2.1,81.8446167558
South Indian,0,0,162,Dosa Plaza,0,0,Rs.,Very Good,24,400,0,2,"9, Under Ground , VV Tower, Tashkand Marg, Civil Lines, Allahabad","Civil Lines, Allahabad",4.0,25.4530181833,1,0,5BA829,https://www.zomato.com/allahabad/dosa-plaza-civil-lines?utm_source=api_basic_user&utm_medium=api&utm_campaign=v2.1,81.8327841908
"North Indian, South Indian, Chinese, Fast Food",1,0,130,Gay Time Family Restaurant,0,0,Rs.,Good,24,500,0,3,"Shop 1-3, Elgin Road, Civil Lines, Allahabad","Civil Lines, Allahabad",3.7,25.4528970898,1,0,9ACD32,https://www.zomato.com/allahabad/gay-time-family-restaurant-civil-lines?utm_source=api_basic_user&utm_medium=api&utm_campaign=v2.1,81.8366070092
North Indian,0,0,99,The Second Wife,0,0,Rs.,Average,24,500,0,3,"0/18/1B, Lowther Road, George Town, George Town, Allahabad","George Town, Allahabad",2.6,25.4491945978,1,0,FFBA00,https://www.zomato.com/allahabad/the-second-wife-george-town?utm_source=api_basic_user&utm_medium=api&utm_campaign=v2.1,81.8542311341
North Indian,1,0,103,Shamiana's,0,0,Rs.,Good,24,300,0,2,"Manorama Complex, MG Marg, Civil Lines, Allahabad","Civil Lines, Allahabad",3.6,25.4502841655,1,0,9ACD32,https://www.zomato.com/allahabad/shamianas-civil-lines?utm_source=api_basic_user&utm_medium=api&utm_campaign=v2.1,81.8329588696
North Indian,1,0,17,Nawab Ki Rasoi,0,0,Rs.,Average,24,250,0,2,"Dhobi Ghat, Opposite Petrol Pump, Sheeshah, Mahal Tower, Civil Lines, Allahabad","Civil Lines, Allahabad",3.4,25.4593330000,1,0,CDD614,https://www.zomato.com/allahabad/nawab-ki-rasoi-civil-lines?utm_source=api_basic_user&utm_medium=api&utm_campaign=v2.1,81.8380000000
"Mithai, North Indian, Street Food",1,0,50,Shree Kanha Sweets & Restaurant,0,0,Rs.,Very Good,24,500,0,3,"Lowther Road, George Town, Allahabad","George Town, Allahabad",4.0,25.4490299054,1,0,5BA829,https://www.zomato.com/allahabad/shree-kanha-sweets-restaurant-george-town?utm_source=api_basic_user&utm_medium=api&utm_campaign=v2.1,81.8545027077
"Rolls, Fast Food",1,0,100,Rolls Mania,0,0,Rs.,Good,24,450,0,2,"76-A, Muir Road, Opposite Rishikul Inter College, Ashok Nagar, Allahabad","Ashok Nagar, Allahabad",3.9,25.4669101270,1,0,9ACD32,https://www.zomato.com/allahabad/rolls-mania-ashok-nagar?utm_source=api_basic_user&utm_medium=api&utm_campaign=v2.1,81.8252146617
"North Indian, South Indian, Chinese, Continental",1,0,95,Chill Lounge ,0,0,Rs.,Good,24,800,0,3,"Stretchy Road, Near Vishal Mega Mart, Civil Lines, Allahabad","Civil Lines, Allahabad",3.6,25.4519407497,1,0,9ACD32,https://www.zomato.com/allahabad/chill-lounge-civil-lines?utm_source=api_basic_user&utm_medium=api&utm_campaign=v2.1,81.8326507509
Fast Food,1,0,45,Harish Bhojanalaya & Restaurant,0,0,Rs.,Good,24,300,0,2,"Near Girls High School, Dr Lohia Road, Civil Lines, Allahabad","Civil Lines, Allahabad",3.8,25.4527929493,1,0,9ACD32,https://www.zomato.com/allahabad/harish-bhojanalaya-restaurant-civil-lines?utm_source=api_basic_user&utm_medium=api&utm_campaign=v2.1,81.8288242444
Fast Food,1,0,80,Tuck In,0,0,Rs.,Good,24,250,0,2,"22-A, Sardar Patel Marg, Civil Lines, Allahabad","Civil Lines, Allahabad",3.7,25.4541788581,1,0,9ACD32,https://www.zomato.com/allahabad/tuck-in-civil-lines?utm_source=api_basic_user&utm_medium=api&utm_campaign=v2.1,81.8349688500
"North Indian, South Indian, Chinese, Continental, Fast Food, Sandwich",1,0,70,Indish,0,0,Rs.,Good,24,500,0,3,"Lifafa, Patrika Crossing, Near Rama Medical Store, Stanly Road, Civil Lines, Allahabad","Civil Lines, Allahabad",3.7,25.4546462733,1,0,9ACD32,https://www.zomato.com/allahabad/indish-civil-lines?utm_source=api_basic_user&utm_medium=api&utm_campaign=v2.1,81.8411774933
"Cafe, Fast Food",1,0,55,Cafe Ballon D'OR,0,0,Rs.,Good,24,500,0,3,"Indalpur Road, Naini, Allahabad","Naini, Allahabad",3.8,25.4096498502,1,0,9ACD32,https://www.zomato.com/allahabad/cafe-ballon-dor-naini?utm_source=api_basic_user&utm_medium=api&utm_campaign=v2.1,81.8450073525
"Biryani, Mughlai",1,0,145,Allahabad Biryani Centre,0,0,Rs.,Good,24,400,0,2,"7/E, Shankar Tower, Clive Road, Near Jwala Devi Inter collage, Civil Lines, Allahabad. Opp. Samsung mobile service centre.","Civil Lines, Allahabad",3.8,25.4549446106,1,0,9ACD32,https://www.zomato.com/allahabad/allahabad-biryani-centre-civil-lines?utm_source=api_basic_user&utm_medium=api&utm_campaign=v2.1,81.8309326172
"Pizza, Fast Food, Beverages",1,0,41,The London Shakes And Cafe,0,0,Rs.,Good,24,300,0,2,"Shop 11, Tulsiani Grace Mall, Civil Lines, Allahabad","Civil Lines, Allahabad",3.9,25.4542580000,1,0,9ACD32,https://www.zomato.com/allahabad/the-london-shakes-and-cafe-civil-lines?utm_source=api_basic_user&utm_medium=api&utm_campaign=v2.1,81.8333300000
"North Indian, South Indian, Chinese, Fast Food",1,0,57,Rajwada's,0,0,Rs.,Good,24,700,0,3,"203/170/1, Near Anand Bhawan, Colonel Ganj, Allahabad","Colonel Ganj, Allahabad",3.6,25.4608184660,1,0,9ACD32,https://www.zomato.com/allahabad/rajwadas-colonel-ganj?utm_source=api_basic_user&utm_medium=api&utm_campaign=v2.1,81.8594292551
"North Indian, Chinese, Mughlai",1,0,50,Khana Khazana Restaurant & Cafe,0,0,Rs.,Good,24,450,0,2,"Plot 25, Near Javed Habib, Tashkand Marg, Civil Lines, Allahabad","Civil Lines, Allahabad",3.8,25.4555702209,1,0,9ACD32,https://www.zomato.com/allahabad/khana-khazana-restaurant-cafe-civil-lines?utm_source=api_basic_user&utm_medium=api&utm_campaign=v2.1,81.8336334229
"North Indian, South Indian, Chinese",1,0,55,Reserveseats,0,0,Rs.,Good,24,700,0,3,"12/22/1, Master Zaharool Hasan Road, Mufordganj, Katra, Allahabad","Katra, Allahabad",3.8,25.4726282705,1,0,9ACD32,https://www.zomato.com/allahabad/reserveseats-katra?utm_source=api_basic_user&utm_medium=api&utm_campaign=v2.1,81.8573153391
"Italian, Continental, Beverages",1,0,15,Coffee Machine The Cafe,0,0,Rs.,Good,24,250,0,2,"54, Sardar Patel Marg, Sriram Complex, Ground Floor, Civil Lines, Allahabad","Civil Lines, Allahabad",3.7,25.4571012000,1,0,9ACD32,https://www.zomato.com/allahabad/coffee-machine-the-cafe-1-civil-lines?utm_source=api_basic_user&utm_medium=api&utm_campaign=v2.1,81.8353669000
"Cafe, Fast Food",1,0,72,Bean Here,0,0,Rs.,Good,24,350,0,2,"215/180B/1, Muir Road, Ashok Nagar, Allahabad","Ashok Nagar, Allahabad",3.8,25.4673269422,1,0,9ACD32,https://www.zomato.com/allahabad/bean-here-ashok-nagar?utm_source=api_basic_user&utm_medium=api&utm_campaign=v2.1,81.8226266652
North Indian,1,0,41,Zaika Biryani Ka,0,0,Rs.,Good,24,200,0,1,"696/820/1, Near Sabji Mandi, Colonel Ganj, Allahabad","Colonel Ganj, Allahabad",3.9,25.4605390000,1,0,9ACD32,https://www.zomato.com/allahabad/zaika-biryani-ka-1-colonel-ganj?utm_source=api_basic_user&utm_medium=api&utm_campaign=v2.1,81.8563660000
"North Indian, Chinese",1,0,85,Old Town,0,0,Rs.,Good,24,500,0,3,"60 H/2, Thornhill Road 
Civil lines Allahabad., Civil Lines, Allahabad","Civil Lines, Allahabad",3.5,25.4597068953,1,0,9ACD32,https://www.zomato.com/allahabad/old-town-civil-lines?utm_source=api_basic_user&utm_medium=api&utm_campaign=v2.1,81.8351602927
North Indian,1,0,91,Maharani Zaika,0,0,Rs.,Good,24,500,0,3,"257A/12, M.G. Marg, Near Medical Chauraha, Georgetown, Allahabad","George Town, Allahabad",3.8,25.4463608884,1,0,9ACD32,https://www.zomato.com/allahabad/maharani-zaika-1-george-town?utm_source=api_basic_user&utm_medium=api&utm_campaign=v2.1,81.8517769128
"South Indian, Cafe",0,0,112,Indian Coffee House,0,0,Rs.,Good,24,200,0,1,"15, MG Marg, Civil Lines, Allahabad","Civil Lines, Allahabad",3.9,25.4505142480,1,0,9ACD32,https://www.zomato.com/allahabad/indian-coffee-house-civil-lines?utm_source=api_basic_user&utm_medium=api&utm_campaign=v2.1,81.8298401311
"North Indian, South Indian, Chinese",1,0,75,Dilli Galiyara,0,0,Rs.,Average,24,800,0,3,"20-22, 2nd Floor, Vinayak City Centre Mall, Sardar Patel Marg, Civil Lines, Allahabad","Vinayak City Centre Mall, Civil Lines, Allahabad",3.4,25.4546229631,1,0,CDD614,https://www.zomato.com/allahabad/dilli-galiyara-civil-lines?utm_source=api_basic_user&utm_medium=api&utm_campaign=v2.1,81.8346443027
North Indian,0,0,72,Makkhan's,0,0,Rs.,Very Good,24,1000,0,4,"8, 9 Tulsiani Grace, 25 Edmonston Road, Civil Lines, Allahabad","Civil Lines, Allahabad",4.0,25.4546070099,1,0,5BA829,https://www.zomato.com/allahabad/makkhans-civil-lines?utm_source=api_basic_user&utm_medium=api&utm_campaign=v2.1,81.8334579468
"Pizza, Salad, Beverages",1,0,36,U S PIZZA,0,0,Rs.,Average,24,700,0,3,"792/599, Mumfordganj, Katra, Allahabad","Katra, Allahabad",3.3,25.4750480000,1,0,CDD614,https://www.zomato.com/allahabad/u-s-pizza-katra?utm_source=api_basic_user&utm_medium=api&utm_campaign=v2.1,81.8582670000
"South Indian, North Indian, Chinese",1,0,40,Dosa Plaza,0,0,Rs.,Good,24,500,0,3,"21/2/C, 1st Floor, Master Zahrul hasan Road, Laxmi Talkies Chauraha, Above Patanjali Shop, Katra, Allahabad","Katra, Allahabad",3.6,25.4686303509,1,0,9ACD32,https://www.zomato.com/allahabad/dosa-plaza-katra?utm_source=api_basic_user&utm_medium=api&utm_campaign=v2.1,81.8549851701
"North Indian, Chinese, Beverages",1,0,56,Shahi Darbar Restaurant,0,0,Rs.,Good,24,450,0,2,"30, Tashkent Marg, Civil Lines, Allahabad","Civil Lines, Allahabad",3.6,25.4563666725,1,0,9ACD32,https://www.zomato.com/allahabad/shahi-darbar-restaurant-civil-lines?utm_source=api_basic_user&utm_medium=api&utm_campaign=v2.1,81.8338788673
Cafe,1,0,62,Kaffe Kona,0,0,Rs.,Very Good,24,400,0,2,"Near Agricultural Khan Crossing, Mahewa, Naini, Allahabad","Naini, Allahabad",4.0,25.4115365444,1,0,5BA829,https://www.zomato.com/allahabad/kaffe-kona-naini?utm_source=api_basic_user&utm_medium=api&utm_campaign=v2.1,81.8435619771
"North Indian, Chinese",1,0,25,Blue Spark,0,0,Rs.,Good,24,250,0,2,"1st Floor, 22/138, M.G. Road, Behind Bank of Baroda, Civil Lines, Allahabad","Civil Lines, Allahabad",3.6,25.4515647888,1,0,9ACD32,https://www.zomato.com/allahabad/blue-spark-civil-lines?utm_source=api_basic_user&utm_medium=api&utm_campaign=v2.1,81.8331909180
North Indian,0,0,122,Spicy Bite,0,0,Rs.,Very Good,24,400,0,2,"Indira Bhawan, Sardar Patel Marg, Civil Lines, Allahabad","Civil Lines, Allahabad",4.0,25.4496505281,1,0,5BA829,https://www.zomato.com/allahabad/spicy-bite-civil-lines?utm_source=api_basic_user&utm_medium=api&utm_campaign=v2.1,81.8352571875
"South Indian, North Indian, Chinese",1,0,91,Dosa Plaza,0,0,Rs.,Good,24,500,0,3,"F1, Vinayak Pushp, Elgin Road, Civil Lines, Allahabad","Civil Lines, Allahabad",3.5,25.4529845798,1,0,9ACD32,https://www.zomato.com/allahabad/dosa-plaza-1-civil-lines?utm_source=api_basic_user&utm_medium=api&utm_campaign=v2.1,81.8327865377
"Fast Food, North Indian, Continental, Beverages, Mithai",0,0,105,Kalptaru Sweets N Bakery,0,0,Rs.,Good,24,450,0,2,"134/1, Jhulelal Nagar, Lukerganj, Allahabad","Lukerganj, Allahabad",3.9,25.4527875001,1,0,9ACD32,https://www.zomato.com/allahabad/kalptaru-sweets-n-bakery-lukerganj?utm_source=api_basic_user&utm_medium=api&utm_campaign=v2.1,81.8347153813
North Indian,1,0,44,Handi,0,0,Rs.,Good,24,300,0,2,"32 Nomani House, George Town, Allahabad","George Town, Allahabad",3.7,25.4511737823,1,0,9ACD32,https://www.zomato.com/allahabad/handi-george-town?utm_source=api_basic_user&utm_medium=api&utm_campaign=v2.1,81.8571472168
"North Indian, Chinese, Italian, Continental",0,0,85,Relish Restaurant- The Legend Hotel,0,0,Rs.,Very Good,24,1100,0,4,"The Legend Hotel, First Floor, 23 C, Thornhill Road, Civil Lines, Allahabad","The Legend Hotel, Allahabad",4.0,25.4604739770,1,0,5BA829,https://www.zomato.com/allahabad/relish-restaurant-the-legend-hotel-civil-lines?utm_source=api_basic_user&utm_medium=api&utm_campaign=v2.1,81.8332995102
"North Indian, Mughlai",0,0,87,Higgins,0,0,Rs.,Very Good,24,600,0,3,"Near Khan Chauraha, Mahewa, Naini, Allahabad","Naini, Allahabad",4.0,25.4107827788,1,0,5BA829,https://www.zomato.com/allahabad/higgins-naini?utm_source=api_basic_user&utm_medium=api&utm_campaign=v2.1,81.8438208103
"North Indian, Mughlai",1,0,37,Muktanandam Moti Mahal Delux,0,0,Rs.,Good,24,750,0,3,"77A/29, Lal Bahadur Shastri Marg, Near Vishal Mega Mart, Civil Lines, Allahabad","Civil Lines, Allahabad",3.9,25.4520324788,1,0,9ACD32,https://www.zomato.com/allahabad/muktanandam-moti-mahal-delux-1-civil-lines?utm_source=api_basic_user&utm_medium=api&utm_campaign=v2.1,81.8326272815
"North Indian, Chinese",0,0,103,Hotel Kanha Shyam,0,0,Rs.,Good,24,900,0,3,"Allahabad HO, Civil Lines, Allahabad","Civil Lines, Allahabad",3.8,25.4575657608,1,0,9ACD32,https://www.zomato.com/allahabad/hotel-kanha-shyam-civil-lines?utm_source=api_basic_user&utm_medium=api&utm_campaign=v2.1,81.8356263265
"Fast Food, North Indian, South Indian, Continental",1,0,24,Chaat Chatore,0,0,Rs.,Average,24,250,0,2,"792/599, Mumfordganj, Allahabad Katra, Allahabad","Katra, Allahabad",2.9,25.4750480000,1,0,FFBA00,https://www.zomato.com/allahabad/chaat-chatore-katra?utm_source=api_basic_user&utm_medium=api&utm_campaign=v2.1,81.8582670000
"North Indian, South Indian, Chinese, Continental",1,0,26,Kailash Parbat,0,0,Rs.,Good,24,400,0,2,"46/3, Sardar Patel Marg, Civil Lines, Allahabad (Opposite World of Titan & Above Puma Store)","Civil Lines, Allahabad",3.7,25.4519153199,1,0,9ACD32,https://www.zomato.com/allahabad/kailash-parbat-civil-lines?utm_source=api_basic_user&utm_medium=api&utm_campaign=v2.1,81.8349494040
North Indian,1,0,65,Jai Shri Shankar Bhojnalaya,0,0,Rs.,Good,24,300,0,2,"18/A M.G.Road, Civil Lines Allahabad","Civil Lines, Allahabad",3.9,25.4509526145,1,0,9ACD32,https://www.zomato.com/allahabad/jai-shri-shankar-bhojnalaya-civil-lines?utm_source=api_basic_user&utm_medium=api&utm_campaign=v2.1,81.8309059739
North Indian,1,0,54,Vilayat Cafe Lounge & Restro,0,0,Rs.,Average,24,850,0,3,"9C/7, Lala Lajpat Rai Road, Near Tripathi Chauraha, Allahabad","Katra, Allahabad",2.9,25.4742019154,1,0,FFBA00,https://www.zomato.com/allahabad/vilayat-cafe-lounge-restro-katra?utm_source=api_basic_user&utm_medium=api&utm_campaign=v2.1,81.8515371904
"South Indian, North Indian",1,0,37,Balaji Idli House,0,0,Rs.,Good,24,500,0,3,"285/132, Near Kundan Guest House, Tagore Town, Allahabad","Tagore Town, Allahabad",3.8,25.4586249808,1,0,9ACD32,https://www.zomato.com/allahabad/balaji-idli-house-tagore-town?utm_source=api_basic_user&utm_medium=api&utm_campaign=v2.1,81.8656221405
"North Indian, South Indian, Chinese",1,0,67,Hotel Ravisha Continental,0,0,Rs.,Good,24,600,0,3,"57 A, Purshottamdas Tandon Marg, Civil Lines, Allahabad","Civil Lines, Allahabad",3.9,25.4524678124,1,0,9ACD32,https://www.zomato.com/allahabad/hotel-ravisha-continental-civil-lines?utm_source=api_basic_user&utm_medium=api&utm_campaign=v2.1,81.8237119541
"Burger, Sandwich, Fast Food",1,0,11,USPFC,0,0,Rs.,Good,24,200,0,1,"Lower Ground, Kharbanda Complex, Building 1, Sardar Patel Marg Civil Lines, Allahabad","Civil Lines, Allahabad",3.8,25.4480640000,1,0,9ACD32,https://www.zomato.com/allahabad/uspfc-2-civil-lines?utm_source=api_basic_user&utm_medium=api&utm_campaign=v2.1,81.8343370000
"North Indian, Desserts",1,0,30,Kanha Sweets & Restaurant,0,0,Rs.,Good,24,400,0,2,"48/B , Katra, Allahabad","Katra, Allahabad",3.6,25.4647536000,1,0,9ACD32,https://www.zomato.com/allahabad/kanha-sweets-restaurant-katra?utm_source=api_basic_user&utm_medium=api&utm_campaign=v2.1,81.8522768000
