city_id,cuisines,currency,is_table_reservation_supported,is_book_form_web_view,average_cost_for_two,locality_verbose,id,switch_to_order_menu,votes,aggregate_rating,country_id,has_fake_reviews,latitude,rating_text,has_table_booking,address,price_range,name,has_online_delivery,url,longitude,rating_color
24,North Indian,Rs.,0,0,200,"Civil Lines, Allahabad",2400052,0,1810,4.9,1,0,25.4504428014,Excellent,0,"19/35, Palace Compound, Near Palace Cinema, MG Marg, Civil Lines, Allahabad",1,Eat On,1,https://www.zomato.com/allahabad/eat-on-civil-lines?utm_source=api_basic_user&utm_medium=api&utm_campaign=v2.1,81.8317518756,3F7E00
24,"Momos, Beverages",Rs.,0,0,400,"Civil Lines, Allahabad",18799013,0,113,4.1,1,0,25.4597619897,Very Good,0,"45A/89C/2, Thornill Road, Civil Lines, Allahabad",2,Nainital Momos,1,https://www.zomato.com/allahabad/nainital-momos-10-civil-lines?utm_source=api_basic_user&utm_medium=api&utm_campaign=v2.1,81.8386418000,5BA829
24,"Italian, Pizza",Rs.,0,0,700,"Civil Lines, Allahabad",2400349,0,516,4.0,1,0,25.4558653587,Very Good,0,"31/31, Sardar Patel Marg, Civil Lines, Allahabad",3,Pizza Hut,1,https://www.zomato.com/allahabad/pizza-hut-civil-lines?utm_source=api_basic_user&utm_medium=api&utm_campaign=v2.1,81.8354020268,5BA829
24,"Desserts, Fast Food, Ice Cream",Rs.,0,0,450,"Colonel Ganj, Allahabad",2400269,0,191,4.2,1,0,25.4599708640,Very Good,0,"194, Opposite Anand Bhawan, Colonel Ganj, Allahabad",2,Hot n Cool,1,https://www.zomato.com/allahabad/hot-n-cool-colonel-ganj?utm_source=api_basic_user&utm_medium=api&utm_campaign=v2.1,81.8593699113,5BA829
24,"North Indian, Mughlai",Rs.,0,0,1000,"Civil Lines, Allahabad",2400403,0,294,4.3,1,0,25.4523627633,Very Good,0,"48/8 Stratchy Road, Civil Lines, Allahabad",4,Pind Balluchi,1,https://www.zomato.com/allahabad/pind-balluchi-civil-lines?utm_source=api_basic_user&utm_medium=api&utm_campaign=v2.1,81.8328136951,5BA829
24,"Burger, Fast Food",Rs.,0,0,600,"Civil Lines, Allahabad",2400119,0,388,4.2,1,0,25.4495348806,Very Good,0,"P Square Mall, Civil Lines, Allahabad",3,KFC,1,https://www.zomato.com/allahabad/kfc-civil-lines?utm_source=api_basic_user&utm_medium=api&utm_campaign=v2.1,81.8396013603,5BA829
24,Cafe,Rs.,0,0,500,"Civil Lines, Allahabad",2400394,0,261,4.3,1,0,25.4501312815,Very Good,0,"207/53, MG Marg, Above Subway ,Civil Lines, Allahabad",3,Well Bean Cafe,1,https://www.zomato.com/allahabad/well-bean-cafe-civil-lines?utm_source=api_basic_user&utm_medium=api&utm_campaign=v2.1,81.8338825554,5BA829
24,"Cafe, North Indian, Continental, Chinese, Indian, Thai, Burger",Rs.,0,0,1000,"Civil Lines, Allahabad",2400565,0,350,4.4,1,0,25.4546577770,Very Good,0,"33/2/A, Stretchy Road, Civil Lines, Allahabad",4,Old School Cafe,1,https://www.zomato.com/allahabad/old-school-cafe-civil-lines?utm_source=api_basic_user&utm_medium=api&utm_campaign=v2.1,81.8336213753,5BA829
24,"Pizza, Fast Food",Rs.,0,0,700,"Civil Lines, Allahabad",2400358,0,488,3.7,1,0,25.4546100000,Good,0,"3/31, Sardar Patel Marg, Civil Lines, Allahabad",3,Domino's Pizza,0,https://www.zomato.com/allahabad/dominos-pizza-1-civil-lines?utm_source=api_basic_user&utm_medium=api&utm_campaign=v2.1,81.8355100000,9ACD32
24,"Pizza, Fast Food",Rs.,0,0,700,"Civil Lines, Allahabad",2400356,0,494,3.9,1,0,25.4546356500,Good,0,"Ground Floor, Vinayak City Centre, Sardar Patel Marg, Civil Lines, Allahabad",3,Domino's Pizza,0,https://www.zomato.com/allahabad/dominos-pizza-civil-lines?utm_source=api_basic_user&utm_medium=api&utm_campaign=v2.1,81.8345421700,9ACD32
24,"North Indian, Chinese",Rs.,0,0,600,"Civil Lines, Allahabad",2400193,0,439,4.2,1,0,25.4555053711,Very Good,0,"Serial 2, Tashkand Marg Civil Lines, Allahabad",3,Mr. Dewsis,1,https://www.zomato.com/allahabad/mr-dewsis-civil-lines?utm_source=api_basic_user&utm_medium=api&utm_campaign=v2.1,81.8337936401,5BA829
24,"South Indian, North Indian, Chinese, Continental",Rs.,0,0,600,"Tagore Town, Allahabad",2400009,0,569,4.3,1,0,25.4572654601,Very Good,0,"3/3, Hashimpur Road, Balson Crossing, Near Anand Bhawan, Tagore Town, Allahabad",3,Sagar Ratna,0,https://www.zomato.com/allahabad/sagar-ratna-tagore-town?utm_source=api_basic_user&utm_medium=api&utm_campaign=v2.1,81.8600317463,5BA829
24,"North Indian, South Indian, Fast Food",Rs.,0,0,500,"Civil Lines, Allahabad",2400020,0,278,4.3,1,0,25.4545369879,Very Good,0,"Ground Floor, Vinayak City Centre, Sardar Patel Marg, Civil Lines, Allahabad",3,Aryan Family's Delight,1,https://www.zomato.com/allahabad/aryan-familys-delight-civil-lines?utm_source=api_basic_user&utm_medium=api&utm_campaign=v2.1,81.8348850310,5BA829
24,"Continental, North Indian, Chinese",Rs.,0,0,800,"Civil Lines, Allahabad",2400018,0,499,4.4,1,0,25.4505387699,Very Good,0,"142A, 32, Mahatma Gandhi, Civil Lines, Allahabad",3,El Chico Restaurant,1,https://www.zomato.com/allahabad/el-chico-restaurant-civil-lines?utm_source=api_basic_user&utm_medium=api&utm_campaign=v2.1,81.8336277455,5BA829
24,"Burger, Fast Food",Rs.,0,0,500,"Civil Lines, Allahabad",2400014,0,465,4.2,1,0,25.4505045603,Very Good,0,"Shop 4, 34-B, M G Marg, Civil Lines, Allahabad",3,McDonald's,0,https://www.zomato.com/allahabad/mcdonalds-civil-lines?utm_source=api_basic_user&utm_medium=api&utm_campaign=v2.1,81.8362633511,5BA829
24,"Cafe, Desserts, Beverages",Rs.,0,0,200,"Civil Lines, Allahabad",2400533,0,321,4.5,1,0,25.4511560548,Excellent,0,"138 C/30, M.G. Marg Civil Lines, Behind Bank of Baroda, Near Subhash Crossing, Civil Lines, Allahabad",1,SCORE - The Games Cafe,1,https://www.zomato.com/allahabad/score-the-games-cafe-1-civil-lines?utm_source=api_basic_user&utm_medium=api&utm_campaign=v2.1,81.8330980092,3F7E00
24,"Cafe, Italian, Continental",Rs.,0,0,1000,"Civil Lines, Allahabad",2400195,0,216,4.3,1,0,25.4499432793,Very Good,0,"142A, 32, Mahatma Gandhi, Civil Lines, Allahabad",4,Cafe El Chico,1,https://www.zomato.com/allahabad/cafe-el-chico-civil-lines?utm_source=api_basic_user&utm_medium=api&utm_campaign=v2.1,81.8362127244,5BA829
24,"North Indian, Street Food, Fast Food",Rs.,0,0,500,"Civil Li//console.log(data)nes, Allahabad",2400019,0,208,4.1,1,0,25.4513358811,Very Good,0,"2A, JMD Bhawan, Strachey Road, Civil Lines, Allahabad",3,Bikanerwala,1,https://www.zomato.com/allahabad/bikanerwala-civil-lines?utm_source=api_basic_user&utm_medium=api&utm_campaign=v2.1,81.8326148763,5BA829
24,"North Indian, Fast Food, Street Food, South Indian, Chinese",Rs.,0,0,700,"Civil Lines, Allahabad",2400390,0,288,4.1,1,0,25.4556116737,Very Good,0,"25, Tashkent Marg, Civil Lines, Allahabad",3,Haldiram Bhujiawala,0,https://www.zomato.com/allahabad/haldiram-bhujiawala-civil-lines?utm_source=api_basic_user&utm_medium=api&utm_campaign=v2.1,81.8342027441,5BA829
24,"North Indian, Chinese, Continental",Rs.,0,0,1000,"Civil Lines, Allahabad",18889008,0,75,4.2,1,0,25.4498680000,Very Good,0,"Hotel Samrat, Civil Lines, Allahabad",4,EDEN by Connoisseur,0,https://www.zomato.com/allahabad/eden-by-connoisseur-civil-lines?utm_source=api_basic_user&utm_medium=api&utm_campaign=v2.1,81.8336210000,5BA829
24,North Indian,Rs.,0,0,500,"Katra, Allahabad",2400661,0,95,3.9,1,0,25.4933473388,Good,0,"Allahabad - Pratapgarh Road, Barrister Mullah Colony, MNNIT Allahabad Campus, Teliarganj, Allahabad",3,Black Out Restaurant,1,https://www.zomato.com/allahabad/black-out-restaurant-katra?utm_source=api_basic_user&utm_medium=api&utm_campaign=v2.1,81.8609634787,9ACD32
24,"Chinese, Continental, Momos",Rs.,0,0,300,"Civil Lines, Allahabad",2400596,0,79,3.9,1,0,25.4553010753,Good,0,"38/1, Tashkand Marg, Agnipath Colony, Civil Lines, Prayagraj,",2,The Pantry Car,1,https://www.zomato.com/allahabad/the-pantry-car-civil-lines?utm_source=api_basic_user&utm_medium=api&utm_campaign=v2.1,81.8356548250,9ACD32
24,"North Indian, Chinese",Rs.,0,0,500,"Civil Lines, Allahabad",2400017,0,330,2.7,1,0,25.4505127343,Average,0,"17/33, Mahatama Gandhi Marg, Civil Lines, Allahabad",3,Tandoor Restaurant,1,https://www.zomato.com/allahabad/tandoor-restaurant-civil-lines?utm_source=api_basic_user&utm_medium=api&utm_campaign=v2.1,81.8313559145,FFBA00
24,"Desserts, Fast Food",Rs.,0,0,500,"Civil Lines, Allahabad",2400293,0,198,4.5,1,0,25.4501830501,Excellent,0,"19/35, MG Marg, Civil Lines, Allahabad",3,Paradise,1,https://www.zomato.com/allahabad/paradise-civil-lines?utm_source=api_basic_user&utm_medium=api&utm_campaign=v2.1,81.8317683041,3F7E00
24,"Biryani, Mughlai",Rs.,0,0,500,"Civil Lines, Allahabad",18707628,0,146,2.4,1,0,25.4554270100,Poor,0,"26, Tashkent Marg, Madhopur, Allahabad",3,Baba Biryani,1,https://www.zomato.com/allahabad/baba-biryani-1-civil-lines?utm_source=api_basic_user&utm_medium=api&utm_campaign=v2.1,81.8360980600,FF7800
24,"North Indian, Mediterranean",Rs.,1,0,1200,"Civil Lines, Allahabad",2400739,0,235,4.6,1,0,25.4494530000,Excellent,1,"Fifth Floor, P Square Mall, MG Road, Civil Lines, Allahabad",4,Barbeque Nation,0,https://www.zomato.com/allahabad/barbeque-nation-2-civil-lines?utm_source=api_basic_user&utm_medium=api&utm_campaign=v2.1,81.8395360000,3F7E00
24,"South Indian, Chinese",Rs.,0,0,500,"Civil Lines, Allahabad",2400144,0,244,3.9,1,0,25.4597453403,Good,0,"60 C, Thornhill Road, Civil Lines, Allahabad",3,The Tamarind Tree,1,https://www.zomato.com/allahabad/the-tamarind-tree-civil-lines?utm_source=api_basic_user&utm_medium=api&utm_campaign=v2.1,81.8349437043,9ACD32
24,"Pizza, Beverages",Rs.,0,0,400,"Civil Lines, Allahabad",2400459,0,330,4.1,1,0,25.4520000860,Very Good,0,"Vinayak City Square, Sardar Patel Marg, Parade Ground, Civil Lines, Allahabad",2,Chicago Pizza,1,https://www.zomato.com/allahabad/chicago-pizza-civil-lines?utm_source=api_basic_user&utm_medium=api&utm_campaign=v2.1,81.8350791559,5BA829
24,"North Indian, South Indian, Chinese",Rs.,0,0,600,"Katra, Allahabad",2400081,0,96,3.6,1,0,25.4647321908,Good,0,"17/2, Kutchery Road, Katra, Allahabad",3,Chhappan Bhog,1,https://www.zomato.com/allahabad/chhappan-bhog-katra?utm_source=api_basic_user&utm_medium=api&utm_campaign=v2.1,81.8487413228,9ACD32
24,"Fast Food, Chinese",Rs.,0,0,300,"Naini, Allahabad",2400600,0,85,4.0,1,0,25.4101150155,Very Good,0,"262, Armaan Market, Indalpur Road, Mahewa, Near Bank Of Baroda, Naini, Allahabad",2,Hot n Cool,1,https://www.zomato.com/allahabad/hot-n-cool-naini?utm_source=api_basic_user&utm_medium=api&utm_campaign=v2.1,81.8447079510,5BA829
24,"Fast Food, Desserts",Rs.,0,0,500,"Tagore Town, Allahabad",2400250,0,136,4.3,1,0,25.4572808989,Very Good,0,"3/3 Hashimpur Road, Tagore Town, Allahabad",3,Paradise Confectioner,1,https://www.zomato.com/allahabad/paradise-confectioner-tagore-town?utm_source=api_basic_user&utm_medium=api&utm_campaign=v2.1,81.8600495160,5BA829
24,"North Indian, Fast Food",Rs.,0,0,500,"Civil Lines, Allahabad",2400016,0,266,4.0,1,0,25.4526318946,Very Good,0,"21 C, Lal Bhadhur Shastri Marg, Civil Lines, Allahabad",3,Hot Stuff,0,https://www.zomato.com/allahabad/hot-stuff-civil-lines?utm_source=api_basic_user&utm_medium=api&utm_campaign=v2.1,81.8347324803,5BA829
24,"Indian, Continental",Rs.,0,0,600,"Civil Lines, Allahabad",2400510,0,121,4.2,1,0,25.4517463929,Very Good,0,"Orchard One Hotel 
Near Big Bazaar, 
Civil Lines,
Allahabad",3,Cafe BigBoxx,1,https://www.zomato.com/allahabad/cafe-bigboxx-civil-lines?utm_source=api_basic_user&utm_medium=api&utm_campaign=v2.1,81.8374706805,5BA829
24,"North Indian, Chinese",Rs.,0,0,400,"Civil Lines, Allahabad",18708091,0,133,3.9,1,0,25.4562404361,Good,0,"Tandon Road, Civil Lines, Allahabad",2,Raju Kitchen Restaurant,1,https://www.zomato.com/allahabad/raju-kitchen-restaurant-civil-lines?utm_source=api_basic_user&utm_medium=api&utm_campaign=v2.1,81.8309160322,9ACD32
24,"Chinese, North Indian, Continental, Beverages",Rs.,0,0,700,"Naini, Allahabad",18972306,0,19,3.5,1,0,25.4029140000,Good,0,"Arail Mod Chauraha, Infront Of Rudra Apartment, Naini, Allahabad",3,Busy Bee Restro,1,https://www.zomato.com/allahabad/busy-bee-restro-naini?utm_source=api_basic_user&utm_medium=api&utm_campaign=v2.1,81.8686910000,9ACD32
24,Fast Food,Rs.,0,0,200,"Civil Lines, Allahabad",18930442,0,35,3.8,1,0,25.4546670000,Good,0,"Shop 15, Tulsiani Grace Mall, Civil Lines, Allahabad",1,Andeywala,1,https://www.zomato.com/allahabad/andeywala-civil-lines?utm_source=api_basic_user&utm_medium=api&utm_campaign=v2.1,81.8338890000,9ACD32
24,"Healthy Food, Salad, Fast Food",Rs.,0,0,500,"Civil Lines, Allahabad",2400279,0,170,4.0,1,0,25.4501915269,Very Good,0,"207/53, Mahatma Gandhi Marg, Civil Lines, Allahabad",3,Subway,1,https://www.zomato.com/allahabad/subway-civil-lines?utm_source=api_basic_user&utm_medium=api&utm_campaign=v2.1,81.8339630216,5BA829
24,"Cafe, Beverages, Bakery",Rs.,0,0,300,"Ashok Nagar, Allahabad",2400455,0,291,4.7,1,0,25.4677207511,Excellent,0,"Om Sharda Complex, Opposite Akash Puri Colony, Ashok Nagar, Allahabad",2,Malt,1,https://www.zomato.com/allahabad/malt-ashok-nagar?utm_source=api_basic_user&utm_medium=api&utm_campaign=v2.1,81.8226799741,3F7E00
24,"Bakery, Italian, Continental, Desserts",Rs.,0,0,200,"Civil Lines, Allahabad",18901221,0,64,4.1,1,0,25.4509577611,Very Good,0,"128B/24/6A, Mahatma Gandhi Marg, Civil Lines, Allahabad",1,7th Heaven,1,https://www.zomato.com/allahabad/7th-heaven-civil-lines?utm_source=api_basic_user&utm_medium=api&utm_campaign=v2.1,81.8311906233,5BA829
24,"Desserts, Mithai",Rs.,0,0,300,"Katra, Allahabad",2400233,0,206,4.1,1,0,25.4646511000,Very Good,0,"259, Katra Chouraha, Katra, Allahabad",2,Netram Mulchand & Sons,0,https://www.zomato.com/allahabad/netram-mulchand-sons-katra?utm_source=api_basic_user&utm_medium=api&utm_campaign=v2.1,81.7820477000,5BA829
24,Cafe,Rs.,0,0,500,"Civil Lines, Allahabad",18708164,0,83,3.8,1,0,25.4597093170,Good,0,"45/A/1A/4, Dayanand Marg, Near Dhobi Petrol Pump Chauraha, Civil Lines, Allahabad",3,BrewBakes,1,https://www.zomato.com/allahabad/brewbakes-civil-lines?utm_source=api_basic_user&utm_medium=api&utm_campaign=v2.1,81.8388701230,9ACD32
24,Chinese,Rs.,0,0,300,"George Town, Allahabad",18812187,0,60,4.0,1,0,25.4507637054,Very Good,0,"143/21-B, Madan Mohan Malviya Road, George Town, Allahabad",2,Prayag Food Plaza,1,https://www.zomato.com/allahabad/prayag-food-plaza-george-town?utm_source=api_basic_user&utm_medium=api&utm_campaign=v2.1,81.8609202281,5BA829
24,"Cafe, Fast Food",Rs.,0,0,350,"Civil Lines, Allahabad",2400148,0,171,3.9,1,0,25.4531053705,Good,0,"Vinayak Pushp, 77 Elgin Road, Near Florista, Civil Lines, Allahabad",2,Bean Here,1,https://www.zomato.com/allahabad/bean-here-civil-lines?utm_source=api_basic_user&utm_medium=api&utm_campaign=v2.1,81.8328210711,9ACD32
24,"North Indian, Chinese, Continental",Rs.,0,0,600,"Civil Lines, Allahabad",2400032,0,141,3.7,1,0,25.4540165944,Good,0,"3D/1, Near Prithvi Garden, Cooper Road, Civil Lines, Allahabad",3,Celebrations,1,https://www.zomato.com/allahabad/celebrations-civil-lines?utm_source=api_basic_user&utm_medium=api&utm_campaign=v2.1,81.8370539323,9ACD32
24,Cafe,Rs.,0,0,400,"Civil Lines, Allahabad",2400505,0,100,3.8,1,0,25.4512453625,Good,0,"Vinayak Central Plaza, Behind Big Bazar, Civil Lines, Allahabad",2,Coffee Calling,1,https://www.zomato.com/allahabad/coffee-calling-civil-lines?utm_source=api_basic_user&utm_medium=api&utm_campaign=v2.1,81.8367478251,9ACD32
24,"Biryani, North Indian, Finger Food",Rs.,0,0,1400,"Civil Lines, Allahabad",2400591,0,146,3.4,1,0,25.4548379009,Average,0,"22/B, Sardar Patel Marg, Civil Lines, Allahabad, Uttar Pradesh 211001, India",4,Barcode,1,https://www.zomato.com/allahabad/barcode-3-civil-lines?utm_source=api_basic_user&utm_medium=api&utm_campaign=v2.1,81.8350392580,CDD614
24,"North Indian, South Indian, Chinese, Fast Food",Rs.,0,0,450,"Dhoomanganj, Allahabad",2400026,0,192,4.0,1,0,25.4497313602,Very Good,0,"39/41, Meera Patti, G T Road, Transport Nagar, Near Dhoomanganj, Allahabad",2,Makkhan's Restaurant,0,https://www.zomato.com/allahabad/makkhans-restaurant-dhoomanganj?utm_source=api_basic_user&utm_medium=api&utm_campaign=v2.1,81.7706635594,5BA829
24,Mithai,Rs.,0,0,400,"Civil Lines, Allahabad",2400005,0,148,4.1,1,0,25.4532250000,Very Good,0,"Elgin Road, Civil Lines, Allahabad",2,Kamdhenu,1,https://www.zomato.com/allahabad/kamdhenu-1-civil-lines?utm_source=api_basic_user&utm_medium=api&utm_campaign=v2.1,81.8329060000,5BA829
24,North Indian,Rs.,0,0,600,"Civil Lines, Allahabad",2400443,0,134,3.9,1,0,25.4528062696,Good,0,"10/14, Elgin Road, Civil Lines, Allahabad, Uttar Pradesh, India",3,9280 The Family Restaurant,1,https://www.zomato.com/allahabad/9280-the-family-restaurant-civil-lines?utm_source=api_basic_user&utm_medium=api&utm_campaign=v2.1,81.8408754095,9ACD32
24,"Mughlai, North Indian, Chinese",Rs.,0,0,600,"Vinayak City Centre Mall, Civil Lines, Allahabad",2400010,0,146,4.0,1,0,25.4546205413,Very Good,0,"Second Floor, Vinayak City Center Mall, SP Marg, Civil Lines, Allahabad",3,Moti Mahal Delux,1,https://www.zomato.com/allahabad/moti-mahal-delux-civil-lines?utm_source=api_basic_user&utm_medium=api&utm_campaign=v2.1,81.8346456438,5BA829
24,"Mughlai, North Indian, Chinese, South Indian",Rs.,0,0,800,"Civil Lines, Allahabad",2400397,0,83,3.8,1,0,25.4598222303,Good,0,"Shop 18A, Second Floor, Sardar Patel Marg, Above HDFC Bank, Civil Lines, Allahabad",3,Moti Mahal Delux Tandoori Trail,1,https://www.zomato.com/allahabad/moti-mahal-delux-tandoori-trail-1-civil-lines?utm_source=api_basic_user&utm_medium=api&utm_campaign=v2.1,81.8356451020,9ACD32
24,Desserts,Rs.,0,0,400,"Civil Lines, Allahabad",2400105,0,123,4.2,1,0,25.4504264534,Very Good,0,"37, MG Marg, Civil Lines, Allahabad",2,Kamdhenu Sweets,1,https://www.zomato.com/allahabad/kamdhenu-sweets-civil-lines?utm_source=api_basic_user&utm_medium=api&utm_campaign=v2.1,81.8321894109,5BA829
24,"Beverages, Ice Cream, Desserts",Rs.,0,0,400,"Civil Lines, Allahabad",2400633,0,75,4.1,1,0,25.4502693312,Very Good,0,"202/45, MG Marg, Civil Lines, Allahabad",2,Keventers,1,https://www.zomato.com/allahabad/keventers-civil-lines?utm_source=api_basic_user&utm_medium=api&utm_campaign=v2.1,81.8335325271,5BA829
24,"North Indian, Chinese",Rs.,0,0,500,"Naini, Allahabad",2400172,0,62,3.5,1,0,25.4100959364,Good,0,"262, Araman Market, Mahewa, Naini, Allahabad",3,Bliss Restro,1,https://www.zomato.com/allahabad/bliss-restro-naini?utm_source=api_basic_user&utm_medium=api&utm_campaign=v2.1,81.8446167558,9ACD32
24,South Indian,Rs.,0,0,400,"Civil Lines, Allahabad",2400045,0,162,4.0,1,0,25.4530181833,Very Good,0,"9, Under Ground , VV Tower, Tashkand Marg, Civil Lines, Allahabad",2,Dosa Plaza,0,https://www.zomato.com/allahabad/dosa-plaza-civil-lines?utm_source=api_basic_user&utm_medium=api&utm_campaign=v2.1,81.8327841908,5BA829
24,"North Indian, South Indian, Chinese, Fast Food",Rs.,0,0,500,"Civil Lines, Allahabad",2400053,0,130,3.7,1,0,25.4528970898,Good,0,"Shop 1-3, Elgin Road, Civil Lines, Allahabad",3,Gay Time Family Restaurant,1,https://www.zomato.com/allahabad/gay-time-family-restaurant-civil-lines?utm_source=api_basic_user&utm_medium=api&utm_campaign=v2.1,81.8366070092,9ACD32
24,North Indian,Rs.,0,0,500,"George Town, Allahabad",2400595,0,99,2.6,1,0,25.4491945978,Average,0,"0/18/1B, Lowther Road, George Town, George Town, Allahabad",3,The Second Wife,0,https://www.zomato.com/allahabad/the-second-wife-george-town?utm_source=api_basic_user&utm_medium=api&utm_campaign=v2.1,81.8542311341,FFBA00
24,North Indian,Rs.,0,0,300,"Civil Lines, Allahabad",2400074,0,103,3.6,1,0,25.4502841655,Good,0,"Manorama Complex, MG Marg, Civil Lines, Allahabad",2,Shamiana's,1,https://www.zomato.com/allahabad/shamianas-civil-lines?utm_source=api_basic_user&utm_medium=api&utm_campaign=v2.1,81.8329588696,9ACD32
24,North Indian,Rs.,0,0,250,"Civil Lines, Allahabad",18962044,0,17,3.4,1,0,25.4593330000,Average,0,"Dhobi Ghat, Opposite Petrol Pump, Sheeshah, Mahal Tower, Civil Lines, Allahabad",2,Nawab Ki Rasoi,1,https://www.zomato.com/allahabad/nawab-ki-rasoi-civil-lines?utm_source=api_basic_user&utm_medium=api&utm_campaign=v2.1,81.8380000000,CDD614
24,"Mithai, North Indian, Street Food",Rs.,0,0,500,"George Town, Allahabad",2400713,0,50,4.0,1,0,25.4490299054,Very Good,0,"Lowther Road, George Town, Allahabad",3,Shree Kanha Sweets & Restaurant,1,https://www.zomato.com/allahabad/shree-kanha-sweets-restaurant-george-town?utm_source=api_basic_user&utm_medium=api&utm_campaign=v2.1,81.8545027077,5BA829
24,"Rolls, Fast Food",Rs.,0,0,450,"Ashok Nagar, Allahabad",2400566,0,100,3.9,1,0,25.4669101270,Good,0,"76-A, Muir Road, Opposite Rishikul Inter College, Ashok Nagar, Allahabad",2,Rolls Mania,1,https://www.zomato.com/allahabad/rolls-mania-ashok-nagar?utm_source=api_basic_user&utm_medium=api&utm_campaign=v2.1,81.8252146617,9ACD32
24,"North Indian, South Indian, Chinese, Continental",Rs.,0,0,800,"Civil Lines, Allahabad",2400524,0,95,3.6,1,0,25.4519407497,Good,0,"Stretchy Road, Near Vishal Mega Mart, Civil Lines, Allahabad",3,Chill Lounge ,1,https://www.zomato.com/allahabad/chill-lounge-civil-lines?utm_source=api_basic_user&utm_medium=api&utm_campaign=v2.1,81.8326507509,9ACD32
24,Fast Food,Rs.,0,0,300,"Civil Lines, Allahabad",2400497,0,45,3.8,1,0,25.4527929493,Good,0,"Near Girls High School, Dr Lohia Road, Civil Lines, Allahabad",2,Harish Bhojanalaya & Restaurant,1,https://www.zomato.com/allahabad/harish-bhojanalaya-restaurant-civil-lines?utm_source=api_basic_user&utm_medium=api&utm_campaign=v2.1,81.8288242444,9ACD32
24,Fast Food,Rs.,0,0,250,"Civil Lines, Allahabad",2400118,0,80,3.7,1,0,25.4541788581,Good,0,"22-A, Sardar Patel Marg, Civil Lines, Allahabad",2,Tuck In,1,https://www.zomato.com/allahabad/tuck-in-civil-lines?utm_source=api_basic_user&utm_medium=api&utm_campaign=v2.1,81.8349688500,9ACD32
24,"North Indian, South Indian, Chinese, Continental, Fast Food, Sandwich",Rs.,0,0,500,"Civil Lines, Allahabad",18707597,0,70,3.7,1,0,25.4546462733,Good,0,"Lifafa, Patrika Crossing, Near Rama Medical Store, Stanly Road, Civil Lines, Allahabad",3,Indish,1,https://www.zomato.com/allahabad/indish-civil-lines?utm_source=api_basic_user&utm_medium=api&utm_campaign=v2.1,81.8411774933,9ACD32
24,"Cafe, Fast Food",Rs.,0,0,500,"Naini, Allahabad",2400479,0,55,3.8,1,0,25.4096498502,Good,0,"Indalpur Road, Naini, Allahabad",3,Cafe Ballon D'OR,1,https://www.zomato.com/allahabad/cafe-ballon-dor-naini?utm_source=api_basic_user&utm_medium=api&utm_campaign=v2.1,81.8450073525,9ACD32
24,"Biryani, Mughlai",Rs.,0,0,400,"Civil Lines, Allahabad",2400006,0,145,3.8,1,0,25.4549446106,Good,0,"7/E, Shankar Tower, Clive Road, Near Jwala Devi Inter collage, Civil Lines, Allahabad. Opp. Samsung mobile service centre.",2,Allahabad Biryani Centre,1,https://www.zomato.com/allahabad/allahabad-biryani-centre-civil-lines?utm_source=api_basic_user&utm_medium=api&utm_campaign=v2.1,81.8309326172,9ACD32
24,"Pizza, Fast Food, Beverages",Rs.,0,0,300,"Civil Lines, Allahabad",18892185,0,41,3.9,1,0,25.4542580000,Good,0,"Shop 11, Tulsiani Grace Mall, Civil Lines, Allahabad",2,The London Shakes And Cafe,1,https://www.zomato.com/allahabad/the-london-shakes-and-cafe-civil-lines?utm_source=api_basic_user&utm_medium=api&utm_campaign=v2.1,81.8333300000,9ACD32
24,"North Indian, South Indian, Chinese, Fast Food",Rs.,0,0,700,"Colonel Ganj, Allahabad",18753893,0,57,3.6,1,0,25.4608184660,Good,0,"203/170/1, Near Anand Bhawan, Colonel Ganj, Allahabad",3,Rajwada's,1,https://www.zomato.com/allahabad/rajwadas-colonel-ganj?utm_source=api_basic_user&utm_medium=api&utm_campaign=v2.1,81.8594292551,9ACD32
24,"North Indian, Chinese, Mughlai",Rs.,0,0,450,"Civil Lines, Allahabad",18783480,0,50,3.8,1,0,25.4555702209,Good,0,"Plot 25, Near Javed Habib, Tashkand Marg, Civil Lines, Allahabad",2,Khana Khazana Restaurant & Cafe,1,https://www.zomato.com/allahabad/khana-khazana-restaurant-cafe-civil-lines?utm_source=api_basic_user&utm_medium=api&utm_campaign=v2.1,81.8336334229,9ACD32
24,"North Indian, South Indian, Chinese",Rs.,0,0,700,"Katra, Allahabad",2400036,0,55,3.8,1,0,25.4726282705,Good,0,"12/22/1, Master Zaharool Hasan Road, Mufordganj, Katra, Allahabad",3,Reserveseats,1,https://www.zomato.com/allahabad/reserveseats-katra?utm_source=api_basic_user&utm_medium=api&utm_campaign=v2.1,81.8573153391,9ACD32
24,"Italian, Continental, Beverages",Rs.,0,0,250,"Civil Lines, Allahabad",18985346,0,15,3.7,1,0,25.4571012000,Good,0,"54, Sardar Patel Marg, Sriram Complex, Ground Floor, Civil Lines, Allahabad",2,Coffee Machine The Cafe,1,https://www.zomato.com/allahabad/coffee-machine-the-cafe-1-civil-lines?utm_source=api_basic_user&utm_medium=api&utm_campaign=v2.1,81.8353669000,9ACD32
24,"Cafe, Fast Food",Rs.,0,0,350,"Ashok Nagar, Allahabad",2400392,0,72,3.8,1,0,25.4673269422,Good,0,"215/180B/1, Muir Road, Ashok Nagar, Allahabad",2,Bean Here,1,https://www.zomato.com/allahabad/bean-here-ashok-nagar?utm_source=api_basic_user&utm_medium=api&utm_campaign=v2.1,81.8226266652,9ACD32
24,North Indian,Rs.,0,0,200,"Colonel Ganj, Allahabad",18924376,0,41,3.9,1,0,25.4605390000,Good,0,"696/820/1, Near Sabji Mandi, Colonel Ganj, Allahabad",1,Zaika Biryani Ka,1,https://www.zomato.com/allahabad/zaika-biryani-ka-1-colonel-ganj?utm_source=api_basic_user&utm_medium=api&utm_campaign=v2.1,81.8563660000,9ACD32
24,"North Indian, Chinese",Rs.,0,0,500,"Civil Lines, Allahabad",2400310,0,85,3.5,1,0,25.4597068953,Good,0,"60 H/2, Thornhill Road 
Civil lines Allahabad., Civil Lines, Allahabad",3,Old Town,1,https://www.zomato.com/allahabad/old-town-civil-lines?utm_source=api_basic_user&utm_medium=api&utm_campaign=v2.1,81.8351602927,9ACD32
24,North Indian,Rs.,0,0,500,"George Town, Allahabad",2400532,0,91,3.8,1,0,25.4463608884,Good,0,"257A/12, M.G. Marg, Near Medical Chauraha, Georgetown, Allahabad",3,Maharani Zaika,1,https://www.zomato.com/allahabad/maharani-zaika-1-george-town?utm_source=api_basic_user&utm_medium=api&utm_campaign=v2.1,81.8517769128,9ACD32
24,"South Indian, Cafe",Rs.,0,0,200,"Civil Lines, Allahabad",2400289,0,112,3.9,1,0,25.4505142480,Good,0,"15, MG Marg, Civil Lines, Allahabad",1,Indian Coffee House,0,https://www.zomato.com/allahabad/indian-coffee-house-civil-lines?utm_source=api_basic_user&utm_medium=api&utm_campaign=v2.1,81.8298401311,9ACD32
24,"North Indian, South Indian, Chinese",Rs.,0,0,800,"Vinayak City Centre Mall, Civil Lines, Allahabad",2400039,0,75,3.4,1,0,25.4546229631,Average,0,"20-22, 2nd Floor, Vinayak City Centre Mall, Sardar Patel Marg, Civil Lines, Allahabad",3,Dilli Galiyara,1,https://www.zomato.com/allahabad/dilli-galiyara-civil-lines?utm_source=api_basic_user&utm_medium=api&utm_campaign=v2.1,81.8346443027,CDD614
24,North Indian,Rs.,0,0,1000,"Civil Lines, Allahabad",18789245,0,72,4.0,1,0,25.4546070099,Very Good,0,"8, 9 Tulsiani Grace, 25 Edmonston Road, Civil Lines, Allahabad",4,Makkhan's,0,https://www.zomato.com/allahabad/makkhans-civil-lines?utm_source=api_basic_user&utm_medium=api&utm_campaign=v2.1,81.8334579468,5BA829
24,"Pizza, Salad, Beverages",Rs.,0,0,700,"Katra, Allahabad",18929374,0,36,3.3,1,0,25.4750480000,Average,0,"792/599, Mumfordganj, Katra, Allahabad",3,U S PIZZA,1,https://www.zomato.com/allahabad/u-s-pizza-katra?utm_source=api_basic_user&utm_medium=api&utm_campaign=v2.1,81.8582670000,CDD614
24,"South Indian, North Indian, Chinese",Rs.,0,0,500,"Katra, Allahabad",18814533,0,40,3.6,1,0,25.4686303509,Good,0,"21/2/C, 1st Floor, Master Zahrul hasan Road, Laxmi Talkies Chauraha, Above Patanjali Shop, Katra, Allahabad",3,Dosa Plaza,1,https://www.zomato.com/allahabad/dosa-plaza-katra?utm_source=api_basic_user&utm_medium=api&utm_campaign=v2.1,81.8549851701,9ACD32
24,"North Indian, Chinese, Beverages",Rs.,0,0,450,"Civil Lines, Allahabad",18707672,0,56,3.6,1,0,25.4563666725,Good,0,"30, Tashkent Marg, Civil Lines, Allahabad",2,Shahi Darbar Restaurant,1,https://www.zomato.com/allahabad/shahi-darbar-restaurant-civil-lines?utm_source=api_basic_user&utm_medium=api&utm_campaign=v2.1,81.8338788673,9ACD32
24,Cafe,Rs.,0,0,400,"Naini, Allahabad",2400421,0,62,4.0,1,0,25.4115365444,Very Good,0,"Near Agricultural Khan Crossing, Mahewa, Naini, Allahabad",2,Kaffe Kona,1,https://www.zomato.com/allahabad/kaffe-kona-naini?utm_source=api_basic_user&utm_medium=api&utm_campaign=v2.1,81.8435619771,5BA829
24,"North Indian, Chinese",Rs.,0,0,250,"Civil Lines, Allahabad",18946634,0,25,3.6,1,0,25.4515647888,Good,0,"1st Floor, 22/138, M.G. Road, Behind Bank of Baroda, Civil Lines, Allahabad",2,Blue Spark,1,https://www.zomato.com/allahabad/blue-spark-civil-lines?utm_source=api_basic_user&utm_medium=api&utm_campaign=v2.1,81.8331909180,9ACD32
24,North Indian,Rs.,0,0,400,"Civil Lines, Allahabad",2400297,0,122,4.0,1,0,25.4496505281,Very Good,0,"Indira Bhawan, Sardar Patel Marg, Civil Lines, Allahabad",2,Spicy Bite,0,https://www.zomato.com/allahabad/spicy-bite-civil-lines?utm_source=api_basic_user&utm_medium=api&utm_campaign=v2.1,81.8352571875,5BA829
24,"South Indian, North Indian, Chinese",Rs.,0,0,500,"Civil Lines, Allahabad",2400321,0,91,3.5,1,0,25.4529845798,Good,0,"F1, Vinayak Pushp, Elgin Road, Civil Lines, Allahabad",3,Dosa Plaza,1,https://www.zomato.com/allahabad/dosa-plaza-1-civil-lines?utm_source=api_basic_user&utm_medium=api&utm_campaign=v2.1,81.8327865377,9ACD32
24,"Fast Food, North Indian, Continental, Beverages, Mithai",Rs.,0,0,450,"Lukerganj, Allahabad",2400337,0,105,3.9,1,0,25.4527875001,Good,0,"134/1, Jhulelal Nagar, Lukerganj, Allahabad",2,Kalptaru Sweets N Bakery,0,https://www.zomato.com/allahabad/kalptaru-sweets-n-bakery-lukerganj?utm_source=api_basic_user&utm_medium=api&utm_campaign=v2.1,81.8347153813,9ACD32
24,North Indian,Rs.,0,0,300,"George Town, Allahabad",18707809,0,44,3.7,1,0,25.4511737823,Good,0,"32 Nomani House, George Town, Allahabad",2,Handi,1,https://www.zomato.com/allahabad/handi-george-town?utm_source=api_basic_user&utm_medium=api&utm_campaign=v2.1,81.8571472168,9ACD32
24,"North Indian, Chinese, Italian, Continental",Rs.,0,0,1100,"The Legend Hotel, Allahabad",2400232,0,85,4.0,1,0,25.4604739770,Very Good,0,"The Legend Hotel, First Floor, 23 C, Thornhill Road, Civil Lines, Allahabad",4,Relish Restaurant- The Legend Hotel,0,https://www.zomato.com/allahabad/relish-restaurant-the-legend-hotel-civil-lines?utm_source=api_basic_user&utm_medium=api&utm_campaign=v2.1,81.8332995102,5BA829
24,"North Indian, Mughlai",Rs.,0,0,600,"Naini, Allahabad",2400602,0,87,4.0,1,0,25.4107827788,Very Good,0,"Near Khan Chauraha, Mahewa, Naini, Allahabad",3,Higgins,0,https://www.zomato.com/allahabad/higgins-naini?utm_source=api_basic_user&utm_medium=api&utm_campaign=v2.1,81.8438208103,5BA829
24,"North Indian, Mughlai",Rs.,0,0,750,"Civil Lines, Allahabad",2400579,0,37,3.9,1,0,25.4520324788,Good,0,"77A/29, Lal Bahadur Shastri Marg, Near Vishal Mega Mart, Civil Lines, Allahabad",3,Muktanandam Moti Mahal Delux,1,https://www.zomato.com/allahabad/muktanandam-moti-mahal-delux-1-civil-lines?utm_source=api_basic_user&utm_medium=api&utm_campaign=v2.1,81.8326272815,9ACD32
24,"North Indian, Chinese",Rs.,0,0,900,"Civil Lines, Allahabad",2400048,0,103,3.8,1,0,25.4575657608,Good,0,"Allahabad HO, Civil Lines, Allahabad",3,Hotel Kanha Shyam,0,https://www.zomato.com/allahabad/hotel-kanha-shyam-civil-lines?utm_source=api_basic_user&utm_medium=api&utm_campaign=v2.1,81.8356263265,9ACD32
24,"Fast Food, North Indian, South Indian, Continental",Rs.,0,0,250,"Katra, Allahabad",18929450,0,24,2.9,1,0,25.4750480000,Average,0,"792/599, Mumfordganj, Allahabad Katra, Allahabad",2,Chaat Chatore,1,https://www.zomato.com/allahabad/chaat-chatore-katra?utm_source=api_basic_user&utm_medium=api&utm_campaign=v2.1,81.8582670000,FFBA00
24,"North Indian, South Indian, Chinese, Continental",Rs.,0,0,400,"Civil Lines, Allahabad",18811619,0,26,3.7,1,0,25.4519153199,Good,0,"46/3, Sardar Patel Marg, Civil Lines, Allahabad (Opposite World of Titan & Above Puma Store)",2,Kailash Parbat,1,https://www.zomato.com/allahabad/kailash-parbat-civil-lines?utm_source=api_basic_user&utm_medium=api&utm_campaign=v2.1,81.8349494040,9ACD32
24,North Indian,Rs.,0,0,300,"Civil Lines, Allahabad",2400689,0,65,3.9,1,0,25.4509526145,Good,0,"18/A M.G.Road, Civil Lines Allahabad",2,Jai Shri Shankar Bhojnalaya,1,https://www.zomato.com/allahabad/jai-shri-shankar-bhojnalaya-civil-lines?utm_source=api_basic_user&utm_medium=api&utm_campaign=v2.1,81.8309059739,9ACD32
24,North Indian,Rs.,0,0,850,"Katra, Allahabad",2400625,0,54,2.9,1,0,25.4742019154,Average,0,"9C/7, Lala Lajpat Rai Road, Near Tripathi Chauraha, Allahabad",3,Vilayat Cafe Lounge & Restro,1,https://www.zomato.com/allahabad/vilayat-cafe-lounge-restro-katra?utm_source=api_basic_user&utm_medium=api&utm_campaign=v2.1,81.8515371904,FFBA00
24,"South Indian, North Indian",Rs.,0,0,500,"Tagore Town, Allahabad",18708529,0,37,3.8,1,0,25.4586249808,Good,0,"285/132, Near Kundan Guest House, Tagore Town, Allahabad",3,Balaji Idli House,1,https://www.zomato.com/allahabad/balaji-idli-house-tagore-town?utm_source=api_basic_user&utm_medium=api&utm_campaign=v2.1,81.8656221405,9ACD32
24,"North Indian, South Indian, Chinese",Rs.,0,0,600,"Civil Lines, Allahabad",17960073,0,67,3.9,1,0,25.4524678124,Good,0,"57 A, Purshottamdas Tandon Marg, Civil Lines, Allahabad",3,Hotel Ravisha Continental,1,https://www.zomato.com/allahabad/hotel-ravisha-continental-civil-lines?utm_source=api_basic_user&utm_medium=api&utm_campaign=v2.1,81.8237119541,9ACD32
24,"Burger, Sandwich, Fast Food",Rs.,0,0,200,"Civil Lines, Allahabad",18974130,0,11,3.8,1,0,25.4480640000,Good,0,"Lower Ground, Kharbanda Complex, Building 1, Sardar Patel Marg Civil Lines, Allahabad",1,USPFC,1,https://www.zomato.com/allahabad/uspfc-2-civil-lines?utm_source=api_basic_user&utm_medium=api&utm_campaign=v2.1,81.8343370000,9ACD32
24,"North Indian, Desserts",Rs.,0,0,400,"Katra, Allahabad",2400262,0,30,3.6,1,0,25.4647536000,Good,0,"48/B , Katra, Allahabad",2,Kanha Sweets & Restaurant,1,https://www.zomato.com/allahabad/kanha-sweets-restaurant-katra?utm_source=api_basic_user&utm_medium=api&utm_campaign=v2.1,81.8522768000,9ACD32
