rating_text,rating,foodie_level_num,review_time_friendly,id,likes,review_text
Great!,4,2,3 days ago,2400052,0,One of the best biriyani point at Allahabad So tasty an so friendly and staff is also liable I am so happy good soooo good biriyani yummy Fe...
Insane!,5,3,4 days ago,2400052,0,Bbbbrrrriiiiiiiyyyyyyaaaannnnniiiiiiüíïüíïüíïüî•üî•üî• the best briyani is here only just vist is once itsso good and the main thing i...
Great!,4,2,4 days ago,2400052,0,"Biryani was really delicious. Also, Raita is awesome too. One can pay easily by Cash or via PayTM. Just one thing is missing, EatOn should s..."
Insane!,5,2,6 days ago,2400052,0,"Eat on is one of the best chicken biryani restaurant, and we love to visit there, and all the things of eat on is so amzing so beautiful so ..."
Insane!,5,2,11 days ago,2400052,1,Awesome Biryani And I Like To Eat Here With My Friends And Brothers Its Really Great Tasting Chicken Biryani Serve from eat on üëå i prefer...
Blah!,2,4,yesterday,18799013,0,"Pricy, this all i want to say about this place. Though Tandoori Momos were good in taste. Staff was too lazy. Me and my friend were keep tel..."
Average,3,6,3 days ago,18799013,0,"I went to this place after hearing all the reviews .To be honest i didn't find anything wow about this place , as the name itself says it sp..."
Insane!,5,4,7 days ago,18799013,1,"I am so sooo soooo glad that i went to this place ...... they have experimented with momo on every level ...... sizzler, main course, desser..."
Average,3,8,11 days ago,18799013,0,This Place In Civil Lines Serves Momo & Noodles We Were in Group of 6-7 People. & we Tried Mexican Steamed Momo Which Was over cooked & frie...
Great!,4,3,12 days ago,18799013,0,Place is great for momossss...lovers ...different type and very elegant way to present it in different forms. One of the best outlets in All...
Avoid!,1,2,15 days ago,2400349,0,"The pizza was cold, Pizza hut is 300 meter aprox from my home. And zomato guys are saying me that pizza was delivered on time. Even the seas..."
Average,3,4,16 days ago,2400349,0,"The ambience is OK, and above all too crowded! The service is too slow, and the pizza tasted great.. We had cheese max crust, so it tasted d..."
Average,3,2,18 days ago,2400349,0,Too expensive for the given food Quality. Ambience was Good and Catchy! Behavior of staff was just fine. Order took not too much time but a ...
Insane!,5,5,25 days ago,2400349,0,"Every time pizza came to mind , pizza hut my all time favourite. It's seems really good to see that they maintain their taste everytime. Gre..."
Great!,4,5,one month ago,2400349,0,"This pizzaria offers some tasty pizza , beverages and other Italian foods which are perfect treat to your taste buds .  They serve pizza wit..."
Insane!,5,2,4 days ago,2400269,0,Pizza is very yammy and tasty The resturant is good and his service is very good and ordered at time and resturant is very good and service ...
Great!,4,3,17 days ago,2400269,0,A nice pocket friendly place for those who wanna satiate their taste buds with any of their junkies. I myself tried their burgers. I guess t...
Great!,4,2,17 days ago,2400269,0,Your food items are idorable especially the cheese sandwich but the Veg burger needs to be improved as it was not worth it...otherwise you a...
Insane!,5,7,17 days ago,2400269,8,Hot n Cool offers one of the best chicken burgers of Allahabad...The Big Ben with juicy chicken on the inside and crunchy on the outside is ...
Average,3,8,21 days ago,2400269,0,As the name tells this place is really Hot n Cool... And is a quick place to get the stuff @ reasonable price ... In day time this place is ...
Great!,4,7,3 days ago,2400403,0,I recently visited Allahabad for Kumbh mela and went for dinner at Pind Balluchi. We were 4 members of family who were out for dinner. All o...
Great!,4,7,3 days ago,2400403,0,Pind Balluchi has a great ambience serves Delicious Food but slow service but taste of food took it over. ‚ô•Ô∏è  Dahi ke kebab : 255 (3/5) ...
Average,3,4,11 days ago,2400403,0,Great place in civil lines allahabad nice staff cooperating and suggestive but in food they something missing they do 2 oils in food and foo...
Insane!,5,2,16 days ago,2400403,1,Real punjabi tadka...!! Delicious and yummy foodz...üòú Good interior and best for family & friends get together party. Jaggery at the plac...
Avoid!,1,3,22 days ago,2400403,0,Very slow service. Horrible hospitality. The waiters were full of attitude and had a very mean behaviour. Not worth going. The food takes ab...
Great!,4,4,20 days ago,2400119,0,"I‚Äôve been to KFC on multiple occasions, and last night, I had ordered through zomato. The food is of great quality, and the chicken tastes..."
Insane!,5,7,22 days ago,2400119,8,Of course there's not much to say about KFC...the name is sufficient in itself...the service is quick and this American fast food chain is m...
Great!,4,6,23 days ago,2400119,2,üçóHello our lovely foodies!!‚ù§Ô∏è We are here with another update for you but this time not from any cafe but from an American fast food ...
Average,3,3,one month ago,2400119,0,Friendly employees the place could be better it is good but can be 1 step up everything taste good except those burgers maybe everyone‚Äôs t...
Avoid!,1,2,one month ago,2400119,0,"I have visited kfc,Hot wings was amazing,burger was cold, floor is dirty and massy,there staff don't have Manners how to talk with customers..."
Insane!,5,5,3 days ago,2400394,0,Hey guysüòÄThis is Actually a Review for most of the Dishes We've tried & ordered from @wellbeancafe in last few Months from @zomatoin (Thi...
Great!,4,6,4 days ago,2400394,0,"A very funky cozy food and drinks cafe ,with minimal prices and amazing taste.They have tried to be extremely price friendly, which is the b..."
Insane!,5,3,4 days ago,2400394,0,A perfect cafe. I ever visit with lots of books and food with low cost(under bugde) and its service is also good enough and best thing in al...
Great!,4,4,5 days ago,2400394,1,Nice place. Really great coffee and love the pank cakes. Great place for hangout and a variety of books to read as well if your alone. So wo...
Insane!,5,2,8 days ago,2400394,1,Best place in Allahabad to have coffee and pizza. Each and every food they serve is amazing. I really loved their ambience. It located right...
Great!,4,2,6 hours ago,2400565,0,Nice place to visit. Food is good. Paneer dish was nice. Service was really nice and friendly. Calm and nice environment. One of the best pl...
Blah!,2,2,16 days ago,2400565,0,"Honey chilli potato was tasty, chilli garlic noodles was fine, paneer pizza and mixed pasta were disaster. Probably first and the last visit..."
Great!,4,11,23 days ago,2400565,0,Old School Cafe is one of the few cafes that are there in Allahabad. The cafe is quite popular among the people and offers an extensive rang...
Great!,4,3,one month ago,2400565,0,"Have tried burgers , fries and shawarma. Garlic aioli is best, loved the burger and serving size was satisfactory. Good place to hang out wi..."
Great!,4,3,one month ago,2400565,0,"There Chinese is to die for , specially there fried rice be it veg or non veg . Starters - chilly chicken  Soup- cream of mushroom  Even try..."
Avoid!,1,2,27 days ago,2400358,0,Why don't u guys deliver food in jhunsi... it's very inconvenient for us...this msg is for Zomato & Domino's both...plz start Ur delivery in...
Great!,4,5,one month ago,2400358,0,This is definitely my favorite place to satisfy my pizza cravings !!  Domino's no doubt serves the best pizza . This outlet was quite conges...
Blah!,2,2,one month ago,2400358,0,I think its very very good i am tried soon through this platform but its my first exprriance for online food order ok i see quality of foods
Avoid!,1,2,one month ago,2400358,1,Bad service they are very bad service they don't deliver any food nshuxudjdjsjjjshhshsjssjhsshhshdbdbdbdbdhdhdhdbddbdbdbbdbdbddhdhdhxhxhhddb...
Avoid!,1,2,one month ago,2400358,1,What to say about domino's it's the best pizza destination ever !!! the only and big problem is limited delivery area. Plz spread your deliv...
Insane!,5,2,11 days ago,2400356,1,The place is really very awesome and the service is too excellent. The representation of the food is very good and we have excellent time th...
Great!,4,2,18 days ago,2400356,0,Food was good for the given prices. Ambience wasn't good and the place was very congested. The staff had a rude behavior. And you lose extra...
Blah!,2,2,27 days ago,2400356,1,There is no delivery option chowk meerapur zero road allahabad area very disappointed this matter plz do something this delivery for those a...
Great!,4,6,one month ago,2400356,0,"Excellent for pizzas ,wraps, and choco lava cakes which are soooo goood.I just find that the sitting arrangement is quite compact therefore ..."
Average,3,4,2 months ago,2400356,0,"The place is too small to accommodate large crowd. The billing and service is bit slow and above all, there was drinking water facility prov..."
Insane!,5,2,17 hours ago,2400193,1,An good restaurant with good hygiene foodie great restaurant for foodie lovers I always pick this restrau to order with great deals and offe...
Insane!,5,2,2 days ago,2400193,0,Food is too good suitable for health property digest overall experience is excellent but sometime content inside the package is not properly...
Avoid!,1,2,6 days ago,2400193,0,Ordered a chicken curry but was disappointed as they don't know the taste of curry it has no taste of curry a simple gravy of onion and toma...
Average,3,2,7 days ago,2400193,0,I was orderd the 2 tandoor but they give me 3 roti and I was disturb for this please improve your service. Focus on the order what we orderd...
Avoid!,1,2,12 days ago,2400193,0,Food was completely unhealthy. I ordered chicken curry with 2 tandoori rotis. Chicken gravy was half full of oil and it tasted so bad.i thre...
Great!,4,4,yesterday,2400009,0,Peaceful and elegant ambience. Best place to have get together with your family and friends. Service was good and fast. Taste is pure north ...
Insane!,5,2,13 days ago,2400009,0,"Best vegetarian restaurant in Allahabad Food quality, ambience everything perfect Love to visit at least once a month. Service is awesome. P..."
Insane!,5,3,16 days ago,2400009,1,I have visited several times this place . Food was always very delecious and tasty .This is best place for vegetarian food . It always serve...
Great!,4,5,19 days ago,2400009,2,"#latereview  Had experience this place a couple of times during my visit to inlaws.  The name itself reminds me of my time in Delhi, where t..."
Insane!,5,2,22 days ago,2400009,0,The best restaurant my family and i have visited.the rate is a little bit high but tasta and service make it affordable.every person should ...
Great!,4,4,yesterday,2400020,0,"I ordered kathi role, paan icecream and deluxe thali. Cost is good. Ambience is ok. Their thalis are cheap and great in taste. If you're too..."
Insane!,5,4,13 days ago,2400020,1,Went there with my family during khumb... Simple place and also good place for family visit... Food was yum and quantity was also nice.. You...
Great!,4,5,19 days ago,2400020,1,Good food..nice ambience..staff is cooperative..loved the food quantity..keema paratha was too good..a pocket friendly place to have good fo...
Great!,4,5,20 days ago,2400020,1,"Ambiance is simple yet comfy .  Food taste and quantity is good , they offer so many options in menu .  Self service and service is prompt ...."
Insane!,5,2,one month ago,2400020,2,"VERY GOOD FOOD, Awesome for Indian/Mexican/Italian/Chinese food Affordable not expensive Good Quality and Quantity The Home delivery is also..."
Insane!,5,2,2 days ago,2400018,0,"One of my favorite place in prayagraj. Loved the taste, ambience and their staffs are very cooperative. Great Food at Great Price. Good thin..."
Insane!,5,12,11 days ago,2400018,0,"We were in Pryagraj for Kumbh and were looking for a nice place to eat, few people we inquired from recommended El Chico. This is a nice ver..."
Avoid!,1,3,19 days ago,2400018,0,The gate man responsible for reservations is extremely rude and obnoxious. Told us there is an hour long wait and called us in 10 mins after...
Average,3,5,19 days ago,2400018,1,#latereview  Oh well. It's a dilemma reviewing a must loved place and giving it a low rating.  Couple of visits to the next-door cafe and pa...
Insane!,5,3,21 days ago,2400018,0,One of the best and classy restaurant in prayag. Food is mildly spiced which is thums up for me. Every waiter is so decent. Both days during...
Great!,4,5,20 days ago,2400014,0,"This place is my regular haunt for burgers and fries . When you can't decide where to go to have some quick meals , come here !! Prices are ..."
Great!,4,2,21 days ago,2400014,0,Mc donalds has always been very good ...offers are good...staff is nice ..only concern is since there is only one McDonalds outlet in prayag...
Average,3,3,one month ago,2400014,0,Attractions: ‚Ä¢Quick and easy service. ‚Ä¢Extra points on hygiene. ‚Ä¢Trained professional staff. ‚Ä¢Variety of options to explore.  Turnof...
Insane!,5,4,one month ago,2400014,0,"Who can hate McDonald's? I am lovi'it ‚ù§ Best burgers.. Best service, very quick and cooperative staff.. Price wise and taste wise, McDonal..."
Great!,4,5,2 months ago,2400014,0,Best place for giving party to your friends At budget expenditure..... MC burger Aloo Tikki and MC puff is very good and special product.......
Great!,4,3,6 days ago,2400533,1,"Four star is just for the food because only few outlets are there in Allahabad that adore the taste buds ....shakes , pasta and waffles are ..."
Insane!,5,4,25 days ago,2400533,1,"So i visited this place lots of time, and now its my favorite place to hangout with friends. So i ordered lets nachos and pizza sandwich. Na..."
Average,3,4,25 days ago,2400533,2,Food here is good ....... a little above average ........ menu is limited ..... price is pocket friendly ......... interior is totally aweso...
Insane!,5,3,26 days ago,2400533,1,A small place but its one of the places you can go back often.... its pocket friendly and has tasty food too.... a great gaming area for the...
Insane!,5,2,one month ago,2400533,1,"Best budget cafe in Allahabad. I absolutely adore the ambience, it's fun and funky.Love the sandwiches and shakes. It's my go to place! And ..."
Average,3,4,yesterday,2400195,0,Elegant ambience...you could get good pictures over here. Costly food and taste was fine. Pasta was ok. I had ordered two chicken platters b...
Insane!,5,2,3 days ago,2400195,0,This place is really great and cozy. Food here is amazing and it's a perfect place to go out friends and families. Customer service is also ...
Insane!,5,3,4 days ago,2400195,0,This place one of my fav place such a good environment and food is good too i have taste almost all the food they have specially non vegüíï...
Insane!,5,12,11 days ago,2400195,0,"After eating at El Chico Restaurant, we thought of trying this outlet as well, this one is located on the first floor of building just above..."
Avoid!,1,2,18 days ago,2400195,0,"Pathetic service,you go out to have food and ask for cutlery ,bees having fun all around.average food.Zomato fooled me around by its ratings..."
Insane!,5,7,2 days ago,2400019,0,"I visited them for my breakfast weeks ago. The food was awesome. We ordered Dhokhla, Chhole bhature, Idli Sambhar and masala tea. Everything..."
Insane!,5,8,6 days ago,2400019,0,"Review Date - 16th March, 2019  Finally got the time to visit the Bikanervala in Allahabad. Well, Bikanervala does not required any introduc..."
Insane!,5,9,15 days ago,2400019,0,Bikanerwala specialises in variety of namkeens and also they have food menu.I tried their snacks it was amazing.You can surely visit this pl...
Great!,4,3,16 days ago,2400019,1,Bikaner wala In Prayag raj first time I visited in 4 years back for dry fruits it was better than other brands available in haldi ram with v...
Great!,4,2,one month ago,2400019,0,The place is good to have a family dinner but they lack in providing proper quantity of food even after charging such a price. Though it's a...
Insane!,5,4,yesterday,2400390,0,"Best place to have a good time with good food. I had tried their rajkachodi, chinese platter and paneer jalebi. But my favorite one is Punja..."
Great!,4,4,27 days ago,2400390,0,I personally recommend Chole Bhature and Raj Kachori to have in Haldiram. They are simply good. Masala Dosa is also good. Nice ambience but ...
Great!,4,4,one month ago,2400390,0,Much Awaited Restaurant chain in Prayagraj. a little different than Delhi's Haldiram outlets. but a good option to hangout with friends and ...
Average,3,6,2 months ago,2400390,1,Its rajkachori is my all time favourite. Besides its a self serve restaurant and cost is minimal. The taste is ok and the place is fine. Yes...
Avoid!,1,2,2 months ago,2400390,0,Worst place... manager is so irresponsible guy useless food.. bad behavior.... icecream was having plastic piece ........ it is not safe for...
Insane!,5,2,14 days ago,18889008,0,"A must visit place for foodies. Delicious food, beautiful place and courteous staff.  Smoked Dal makhni is a must try.  The only problem is ..."
Great!,4,5,20 days ago,18889008,2,"Before Eden, there used to be Connoisseur, which was not a bad restaurant by any means. It seems that Connoisseur was revamped and was chang..."
Insane!,5,4,20 days ago,18889008,0,"I had visited the restaurant with friends, and was greeted by a beautiful wall garden, with shades of blue, green and white on the walls. Th..."
Great!,4,4,24 days ago,18889008,1,No doubt this is the best place is Prayagraj when ambience is considered ....... they have created this smooth pleasing environment which cu...
Insane!,5,5,26 days ago,18889008,2,(Will update after Next Visitüòçüòù) This restaurant is such a wonderful concept in a city like Allahabad...Roof Top Garden with Bonsai an...
Insane!,5,2,9 hours ago,2400661,0,"Must recommended restaurant, It's a nice restaurant & Foods are delicious and Services are good too. Now Zomato, Swiggy & other online food ..."
Insane!,5,2,4 days ago,2400661,0,Chicken sezwaan is awesome taste kadhai chicken is chicken hyderabadi... Chicken korma mutton handi delicious food in blackout restaurant am...
Insane!,5,2,5 days ago,2400661,0,"I like it chicken biryani thank to black out restaurant. , the Biryani was mouth watering and very tasty biryanis price was very etiquette a..."
Insane!,5,2,5 days ago,2400661,1,I ordered online blackout in tomato in amazing food ..kadhai chicken is very delicious food ...nd roasted chicken is very delicious and low ...
Insane!,5,2,7 days ago,2400661,1,Gud delievert food in online orderd zomato ...chicken handi is very delicious food ...plz try food in restaurant chicken biryani chicken sez...
Insane!,5,2,17 hours ago,2400596,1,An good restaurant packing and the food quality is awsome with great offer +50% off providing free frenchfries with selected orders 30% off ...
Avoid!,1,2,5 days ago,2400596,0,Not a very good restaurant in terms of service. Even served us expired toppings. On complaining the staff turned out to be a little rude ins...
Great!,4,2,10 days ago,2400596,0,"I had a great tym in dis caffe. Service ws vry good, caf√©'s menu ws quit different n unique. Dishes ws really delicious n flavorful. cafe's..."
Great!,4,3,11 days ago,2400596,0,I ordered first time from pantry car i am fan of these place snacks and I wish one time I go there because I am listen good feedback of thes...
Blah!,2,2,17 days ago,2400596,0,ordered veg hakka noodles and veg momos via zomato and this was my worst experience. 1. quantity is very less as compared to price 2. they w...
Average,3,2,6 hours ago,2400017,0,Food is good. Service is nice but sometimes too delayed! Being veggie I liked their main course. Mushroom dish was tasty. Paneer dish was yu...
Average,3,3,one month ago,2400017,0,"I'm sorry to say this but tandoor has lost its charm. This was my favourite restaurant growing up, now it has changed(not evolved) but chang..."
Insane!,5,2,2 months ago,2400017,0,"I had ordered chicken biryani and it was delicious. Nicely packed with salad, chutney, pickle n sweet. Value for money. Would like to recomm..."
Blah!,2,2,2 months ago,2400017,0,Delivery was on time but the difference is that they send me the most of the chicken pices were burnt and they have coverd using a gravy..pl...
Insane!,5,2,21 days ago,2400293,0,"Cake was presented very beautifully and taste wise also cake is also good, delivery man very welly attended the calls and reached me in alsm..."
Insane!,5,2,21 days ago,2400293,0,A good and a timely dilevery and nive things i like paradise and zomato very much.üòÑüòÉüòÉa wonderful and a good app I didn't like swigg...
Insane!,5,3,one month ago,2400293,0,One of the best in Allahabad/Prayagraj for desserts. Mostly stocked up with fresh food. They also take pre-orders for cakes. The recommendat...
Great!,4,5,one month ago,2400293,0,"This place is actually paradise for pastry lovers !! They serve some mouth smacking confectionery items like burgers , hog dog , sandwich et..."
Insane!,5,8,4 months ago,2400293,0,This place is really a paradise in Allahabad for Cake and Pastry lovers... As it's have the best and amazing quality of fast food... And I l...
Avoid!,1,2,21 days ago,18707628,0,Very bad ghatiya price bhi jyada taste bhi ghatiya go to hell baba Biriyani Tum jaise log ek bar hi logo ko bewkoof bna skte ho ghatiya prod...
Average,3,12,28 days ago,18707628,0,"This outlet is located in the posh civil lines area and houses a medium size eating arrangement. With limited offerings and good service, th..."
Average,3,10,one month ago,18707628,0,Well I didn't dine there but took a parcel of their biryani so I will not comment on their ambience. Now let's come to the packing which was...
Avoid!,1,3,one month ago,18707628,0,I have odered chicken biryani. taste of biryani was horrible and the price of biryani is 150 rupees which is too much for this pathetic biry...
Avoid!,1,9,one month ago,18707628,0,Heard from some locals about this place so i have decided to try its chicken biryani. I think this was the worst biryani i have ever try . P...
Insane!,5,2,3 days ago,2400739,0,This place is awesome and the customer service is amazing. The staff make sure that your needs are being filled. I would love to go back her...
Insane!,5,3,one month ago,2400739,0,"Amazing place, the staff was quick and efficient. Ambience was decent. Most importantly though, the food was top-notch. The starters, main c..."
Insane!,5,4,one month ago,2400739,0,"This place is heaven for those who love non-veg.. Damn good taste, long list of menu, so attentive... Everything is soo good here and they e..."
Great!,4,4,one month ago,2400739,1,"It‚Äôs earned quite a name for itself from the college goers and families alike. Ambience is fantastic, the staff are very attentive and pol..."
Insane!,5,2,one month ago,2400739,0,Best in class restaurant.the concept of limitless delicious food is unique in its regard.just keep it up and add more items so that we can h...
Insane!,5,4,18 days ago,2400144,0,I have ordered masala dosa...As expected It was delicious....but only one question why I haven't got green chutney?? as u ppl always serve t...
Average,3,5,19 days ago,2400144,1,"#latereview  On a recent visit home, visited this place for lunch.  Decor and ambience feels quite authentic, and it seems even the staff is..."
Insane!,5,3,20 days ago,2400144,0,"Located in Civil Lines, they have really good South Indian food. They also serve Chinese which is not bad, and not so special. Their coconut..."
Average,3,6,one month ago,2400144,0,"I visit this place first tym, its a small south Indian restaurant which has beautiful interiors n exterior... I like the ambience the chair ..."
Great!,4,4,one month ago,2400144,1,"This restaurant offers a wide range of South Indian dishes with a twist. The dosa menu itself consists of two pages, each dish ensuring the ..."
Avoid!,1,2,one month ago,2400459,0,not worth ordering as it is too expensive n quality is worst .i have paid 366 for this simple pizza will never suggest any one to buy frm th...
Insane!,5,7,one month ago,2400459,15,Finally got a chance to visit this place with my brother...a small pleasant atmosphere with great service...the pizzas are a big change from...
Insane!,5,4,2 months ago,2400459,0,Just Amazing place for foodie ....The pizza lovers and the one who wants best quality pizza and the amazing taste..... infrastructure is als...
Average,3,6,2 months ago,2400459,1,I have just a couple of times here.But the pizza i felt could have been much better owing to its taste and pricing again was way to much i f...
Insane!,5,8,2 months ago,2400459,0,This was the Fast delivery that i have ever experienced. Food was delivered warm and nice. The pizzas are a must try as they are so deliciou...
Avoid!,1,2,15 days ago,2400081,2,"Rate - 0 i ordered paneer butter sabzi last night it was half cooked , too spicy and gravy like only masala vry bad experience waste of mone..."
Avoid!,1,2,16 days ago,2400081,0,Quality of bread was very poor. I was very disappointed. It's was delivered me within 20 minutes. I was very surprised by delivery time and ...
Insane!,5,3,16 days ago,2400081,0,"Ordered¬† for Dinner, Everything was Good in taste and But mix veg was Super awesome, order was¬† freshly prepared, and timely delivered, sa..."
Avoid!,1,2,19 days ago,2400081,0,Since zomato doesn't have zero rating I have to give it one  I ordered food by home delivery. Kadhai panner was spoiled by excessive use of ...
Avoid!,1,2,26 days ago,2400081,1,This restaurants rate is very high and gives food very less and take much time to make...It is very dissapointted the box of food is very sm...
Insane!,5,2,6 days ago,2400600,2,"It was a plzr to have u here ,we really enjoyed all that stuffs and the delivery was so quick & good.. But out of these the meal has been se..."
Blah!,2,2,8 days ago,2400600,0,Pizza quality was definitely good but the way in which it came was bad...Improve this thing asap...Taste is always nice but packing is somet...
Avoid!,1,2,8 days ago,2400600,0,"The wasn't Good burger had no tikki inside., Also they haven't provided sauce, i ordered two pizza and a burger packaging was also bad.. i a..."
Great!,4,1,9 days ago,2400600,0,Provides good quality of Pizza . I liked it very much . But something must be done with the packaging or it can be in a carry bag so that th...
Avoid!,1,2,9 days ago,2400600,0,The food wasn't delicious. Despite giving discount they should improve the quality. Packing quality is very bad and the ingredients are not ...
Insane!,5,2,8 days ago,2400250,0,"Pastry, burger and pizza etc. are the best of best. Pastry quality is top notch, pastries are available in both eggless and with egg. Burger..."
Great!,4,3,17 days ago,2400250,0,"Always been one of the best confectioners in the town. Their pastries, burgers, breads, self made chocs... Are finger licking good... I have..."
Insane!,5,4,one month ago,2400250,1,"My friends had ordered a cake from paradise confectioner for my birthday, and it was not just a beauty to look at. The chocolate feel which ..."
Avoid!,1,3,one month ago,2400250,0,This restaurant is pathetic with non-baked items...I ordered Chicken roll once...the roll was like chewing gum..very hard to chew and digest...
Great!,4,5,one month ago,2400250,2,"Best bakery ,I explored . They had variety of pastries and much more . Overall good experience. At last we had had double scoop of mango and..."
Insane!,5,5,yesterday,2400016,0,It's great.. We've always loved this old yet our still favorite restaurant‚ù§Ô∏è üí∏Very affordable.‚ù§Ô∏è . üçú Chicken Chowmein: tastes ...
Insane!,5,2,7 days ago,2400016,0,Best things to eat here is burgers. The taste is delicious and worth every penny. Even pizzas are far better than the pizza we eat in domino...
Blah!,2,11,one month ago,2400016,0,Went to this place a long time ago with a bunch of friends since we had heard a lot of buzz about this place. The place is known for fast fo...
Great!,4,5,2 months ago,2400016,0,Pizza here is quite gud and toppings are well placed. Food is quiye gud. Nice place for celebration and get together with friends. One must ...
Average,3,3,3 months ago,2400016,0,"Simple ambience, menu is loaded but i don't suggest any one for the main course, yes but i have to say all the combos and quick bites on the..."
Avoid!,1,2,5 days ago,2400510,0,"Worst place ever. They have degraded Thier services over the time. I have been found of Thier food ever since it opened , but this night whe..."
Insane!,5,3,26 days ago,2400510,0,Amaizing food. A very good ambience and polite staff as well. The prices are a little bit towards the higher end but its worthy. One of the ...
Great!,4,5,one month ago,2400510,0,"Classy ambiance , comfortable seatings and good music all together makes this place a perfect spot to hangout .  They serve North Indian , C..."
Great!,4,4,one month ago,2400510,1,The ambience and the vibe that filled the room was that of sophistication and difference. The menu consisted of a lot of variations to Itali...
Great!,4,9,one month ago,2400510,3,"Decent ambience, modern interior, well trained staff, service can be improved if they serve food faster. Food is good and priced from averag..."
Avoid!,1,2,6 days ago,18708091,0,The trick this restaurant plays is that it reduces the quantiy for online delivery. Also it does not show size or the no. of pieces of chick...
Avoid!,1,2,7 days ago,18708091,0,"My order is biryani & the Taste and quality of biryani are bad very less quantity delivered please improve your taste, quality & quantity al..."
Avoid!,1,2,11 days ago,18708091,0,"Totaly west biryani ,tast less ,unbake, rice and piece lastless dont buy tnt try no salt no masala rayta is also tastless spoon is also poor..."
Avoid!,1,3,17 days ago,18708091,0,
Insane!,5,2,17 days ago,18708091,0,I loved the food.Awesome Mutton and Chicken. One of the best in Allahabad. Biryani was too good. I am regular eater. I would Highly Recommen...
Insane!,5,2,14 days ago,18972306,0,Excellent in taste.. Fabulous in ambiance. Good plantation in the lounge gives natural look.. Fast and free home delivery.. Pic : Murgh musa...
Avoid!,1,2,16 days ago,18972306,0,Not setisfy this restorant ....I ordered butter paneer mashala from busy bee restro ...it's very low quality .....paneer pices mixed with Ch...
Insane!,5,2,16 days ago,18972306,1,In judging my nature I am a bit lazy person so I often use to order food online .... trying alot with almost all the restro in pryagraj ... ...
Insane!,5,2,16 days ago,18972306,2,Stopped in for dinner. Food was very good and reasonably priced. Ordered a steak dinner. It was tender and well seasoned.Excellent eating ex...
Insane!,5,2,16 days ago,18972306,1,Great place to hangout with friends family and loved ones. Best food quality in Allahabad. Please visit and do order chicken pot and chef sp...
Great!,4,6,23 days ago,18930442,4,Hello foodies !! We are here with another update for you from andeywala üíú  We know we are late but we are making come back by giving you ...
Insane!,5,2,26 days ago,18930442,2,Best place to satisfy your egg appetite with many variants that will definately satisfy your palate desires üëåüëå . Pocket friendly Aweso...
Insane!,5,2,one month ago,18930442,2,"A newly opened cafe for egg lovers in Allahabad. Try their best Cheesy Egg Nest, Anda Goli, Eggrian with Masala Lemonade.. Eggrian is a fusi..."
Great!,4,4,one month ago,18930442,1,"I tried the meal and the sandwich.. I totally loved this place by taste, ambience and price.. One should at least give it a try if you want ..."
Great!,4,8,one month ago,18930442,3,This place is located behind Nexa showroom. Ambience was good . I liked the table and  chair designs. Place was really quite.  Food is reall...
Avoid!,1,3,7 days ago,2400279,0,"I ordered Hara Bhara Kebab Sub, it was half eaten and the other half was bland and tasteless barely any veggies and sauces. Dumbest Delivery..."
Average,3,3,29 days ago,2400279,0,I ordered a paneer patty and a maxican patty and what I received was 2 maxican patty. Not expected from u guys. However the sub was great ju...
Blah!,2,2,one month ago,2400279,0,This place generally serves delivers really dry subs which don't have the sauces that were opted for while ordering. I ordered a paneer Tikk...
Blah!,2,3,one month ago,2400279,0,Ordered chicken strip wraps. quality of wrap and veggies should be improved. I think they have sent us stale food while eating i was not get...
Insane!,5,2,one month ago,2400279,0,One of the best subways I‚Äôve visited.  Cleanliness is their top priority.  Taste of paneer tikka and chicken tandoori is amazing.   Loved ...
Great!,4,4,2 months ago,2400455,1,Ambience is ok and the various flavours out ther are awesome cant even decide for a single flavor which one to take among those out their mu...
Great!,4,4,2 months ago,2400455,1,"Good options to choose from. I ordered in a chocolate malt (Nutella), hazelnut cold coffee and banana caramel milkshake. All three tasted go..."
Insane!,5,5,2 months ago,2400455,1,This is my favorite place to visit..Really nice shakes n not that high price..Everyone should visit if u live near this area.. the space is ...
Great!,4,9,3 months ago,2400455,5,"Malt has been serving crunchiest, instantly baked waffles, shakes, coolers and coffee for more than a year now. Everything there has me droo..."
Insane!,5,4,3 months ago,2400455,1,The shakes and waffles are so delicious. The staff is friendly but only disadvantage is lack of space to stand and eat!! A must go for a swe...
Insane!,5,5,5 hours ago,18901221,0,"Recently i visited this place, it has good interior with good music and ambience. Food is also good. Cakes are speciality here. Cakes are of..."
Insane!,5,2,5 hours ago,18901221,0,I happened to visit 7th Heaven on a relative‚Äôs recommendation. What pulled me the most was that all their desserts and cakes are fully egg...
Average,3,2,6 days ago,18901221,1,The pastry was good and soft but the pizza I ordered was cold although it tasted good but I m sure if was hot it would have tasted much bett...
Insane!,5,9,10 days ago,18901221,1,"Visit first time, first impressions is last impression and I must say I m highly impressed with the taste and service and Ambience of 7th He..."
Insane!,5,2,13 days ago,18901221,3,"This is the best bakery in town, cakes are amazing it‚Äôs mouthwatering indeed! Great service, the staff looks after you very well especiall..."
Great!,4,3,21 days ago,2400233,0,"If you are at Allahabad, then this place is a definite visit for breakfast. Everything is freshly prepared and in ghee. The only issue is th..."
Average,3,2,one month ago,2400233,0,Netram is one of the oldest street food cum sweet joint in allahabad (prayagraj) the sweets here are delicious. But for kachouri even it is ...
Insane!,5,13,one month ago,2400233,0,"You wanna have the best breakfast in town, Netram is the place!!! It will always be super crowded, so be ready to wait for a while!!! The pl..."
Average,3,6,one month ago,2400233,2,"I go here mainly for its kachori sabzi they serve with sweet boondi raita ,and chutney.ü§§.which is really good.Apart from it they serve go..."
Great!,4,13,one month ago,2400233,2,UP is also quite known for its kachoris...variety of them...this li k outlet located in the streets of karta is the perfect spot for some tr...
Average,3,8,21 days ago,18708164,0,"Good Interior, Quiet and Comfortable Ambience, Rates is Acceptable for the food and services they are giving... I went here 3 times till now..."
Great!,4,5,one month ago,18708164,0,"Well done interior , comfy seating , good background music and scrumptious food , this place has these all .  Quite spacious , service need ..."
Insane!,5,5,one month ago,18708164,0,This place is quite good. Interior is quite good. Staff is also well behaved. I ordered Brewbakes pizza and veg and cheeze sandwich. Food wa...
Avoid!,1,2,one month ago,18708164,0,"This restraint doesn't deserve 1 star even. I found, insect in the burger after I ate it half inside the aloo tikki. Such unhygienic and wor..."
Great!,4,6,one month ago,18708164,5,Choco walnut brownie = 69‚Çπ The name itself is so tempting and for your temptation ‚ù§Ô∏è‚ù§Ô∏è @brewbakesallahabad1 has solution to it. Ov...
Insane!,5,2,11 days ago,18812187,0,I ordered paneer dosa and aloo paratha today via zomato. Was little skeptical about the taste as I never ordered anything from here before.....
Great!,4,2,13 days ago,18812187,0,Good food and good packaging also but they don't take order regularly. 1 time out of 10 their home delivering service available. If they acc...
Average,3,8,20 days ago,18812187,0,I asked for a home delivery from this restaurant.. Taste was quite average.. Quality and Quantity was good but the packing was not satisfact...
Great!,4,2,23 days ago,18812187,0,best taste in this price but surely needs to improve packaging. i have ordered aloo paratha and it was good experience and after offer code ...
Great!,4,3,29 days ago,18812187,1,"Its amazing to receive tasty food at such a cheaper price, I was amazed to see the quantity, no doubt it was good for the price. However the..."
Blah!,2,4,one month ago,2400148,1,This place was such a dissapointment for me ....... I really loved its ambience and was hoping expecting much more from them ....... food is...
Avoid!,1,2,one month ago,2400148,0,jusr had worst starters of my life......though this place is good for coffee yet i will not recommend it for snacks... delivert service was ...
Avoid!,1,2,2 months ago,2400148,0,Taste of the pizza is really bad and it is really hard I don't believe that such type of good place is so bad food .I will never order from ...
Avoid!,1,2,2 months ago,2400148,0,"The maggie was worst, this the pic of maggie where cheese is like glue..Do not order from here and maggie is worst..And burger was also not ..."
Great!,4,5,2 months ago,2400148,0,Nice ambience and good place to hangout with friends. Coffee is gud here. Couples can hangout here. Gentry is good here. Food is also good. ...
Insane!,5,2,one month ago,2400032,0,"One of the best restaurants of Allahabad. Everything I tried was delicious, I can definitely say you will love to visit again n again. Aweso..."
Avoid!,1,2,one month ago,2400032,0,"Bahut hi ghatiya Khana tha, customer Ke Sath khilwad karte hain aap log, itna ganda Khana maine Aaj tak nhi khaya, pata nhi aap log Kaise cu..."
Insane!,5,2,2 months ago,2400032,1,I ordered few times actually that's why I am writing this... Butter chicken and Handi chicken is just awesome... 2nd after ravisha continent...
Avoid!,1,2,2 months ago,2400032,1,Worst cheese garlic bread I have ever eaten.. and veg Franky was too spicy .. you should improve your dishes .. your dishes don't worth the ...
Great!,4,5,2 months ago,2400032,0,Place was really attractive with catchy decorations. Ambiance was pleasent. Staff was very good but service was slack. Food was okey . Price...
Average,3,5,yesterday,2400505,0,We had Grilled chicken sandwich and chicken burger.it was literally very tasty.Must try.. Chicken pizza was so-so and cold coffee was good i...
Great!,4,6,one month ago,2400505,0,"Its a good place to hang out with friends. Decent interiors good service, i like their grilled chicken sandwich and shakes.Maggi is really v..."
Great!,4,6,3 months ago,2400505,0,"I was recommended this place by my siblings and then when I was at home we decided to be there. Firstly, I found the place very small in are..."
Great!,4,6,3 months ago,2400505,3,I went to this place known as @coffeecallingallahabad . When it comes to giving importance to coffee ‚òï in their name they have well put in...
Avoid!,1,2,3 months ago,2400505,0,The very bad experience I have odder the Maggi it seems to be the worst Magie I have ever eat butter Maggi seems to be have no butter just b...
Blah!,2,11,29 days ago,2400591,0,"Extremely loud music, very poor lighting, seating that you sink to uncomfortably, drinks that aren‚Äôt cold and expensive food all added up ..."
Great!,4,4,one month ago,2400591,1,"I've been to this place a few times and I think that given the fact that it is in a city where lounge and pub culture is just picking pace, ..."
Avoid!,1,2,one month ago,2400591,0,I have ordered 1 Chilli Panner pizza from Barcode through Zomato. The pizza delived was delivered in a foil paper. And it was damaged. Some ...
Great!,4,5,one month ago,2400591,0,"Prime location and Sexy ambience to get dizzy over drinks with friends. The have separate restaurant and bar place, so it is family-friendly..."
Insane!,5,2,one month ago,2400591,0,"Nice place along with nyc atmosphere and fooding ü§ó Place for youngsters to celebrate their day such as b'day along wid their gang,besides..."
Insane!,5,4,2 months ago,2400026,0,It is pure vegetarian restaurant... With its amazing infrastructure and best food quality it is the only restaurant in Dhoomanganj which peo...
Avoid!,1,2,4 months ago,2400026,3,Worst place for home delivery. Food was not fresh and quality was pathetic . Prices are very high and haven't expected this quality at such ...
Insane!,5,3,5 months ago,2400026,0,"Chota packet Bada dhamaka.. Must try burgers ND gulab jamun and soya keema.. superb taste and quality service,quick home delivery too.. need..."
Insane!,5,2,5 months ago,2400026,0,Very good quality awesome restaurant and food delivery is very good and situated at very good place transport nagar Allahabad like five star...
Insane!,5,2,6 months ago,2400026,0,I Lv it.... Bt home delivery isn't possible in Mandar mod. So plz start as soon as possible.. Bcz if u will not deliver than how can I order...
Great!,4,9,one month ago,2400005,0,This place has good variety of sweets dish and street food. I had dahi bhale and rasgulla here few days back and it was good in taste. Price...
Great!,4,4,2 months ago,2400005,0,"Serving good food and good sweets Have been their regular customer since I was a kid They have been serving same quality since.. All in all,..."
Average,3,4,3 months ago,2400005,0,I got a few items packed from kamdhenu.The food was good but they are charging 9% gst instead of 5%.This is unfair and they should charge ta...
Insane!,5,5,3 months ago,2400005,0,This is a heaven for sweet tooth specially in Allahabad.  We ordered Dahi Bhalla Ginger flavoured üëåüèªüëåüèªüëåüèª  Cost RS.50 for a...
Insane!,5,3,3 months ago,2400005,0,One of the famous and easy locating spots in Allahabad for snacks and sweets. You can try thier chena paie /panipuri and rabdi jalebi. Its a...
Avoid!,1,2,5 hours ago,2400443,0,"Staff is not corporative and not polite, when u order in restaurant they gave good quantity and at the same time when u order them online li..."
Avoid!,1,11,25 days ago,2400443,1,"On one of my early expeditions to find good non vegetarian food in Allahabad, I happened to visit 9280 with one of my friends. The place had..."
Blah!,2,3,one month ago,2400443,1,"Read through. Rant alert!  Attractions: ‚Ä¢The chicken kebabs and the biryani are good. Not delicious, only good.  Turnoffs: ‚Ä¢ Pitifully b..."
Avoid!,1,2,2 months ago,2400443,1,"the quantity of food was bad they are miser in serving food ,like pieces of chicken in chicken curry are too small..i m completely unsatisfi..."
Great!,4,2,2 months ago,2400443,0,I ordered chicken Barra and chicken peshawari. Chicken Barra taste is good and mint chutney is awesome with that but little expensive 4 medi...
Great!,4,7,2 days ago,2400010,0,I visited this place on 4th March for an early dinner as we had to catch the train back to Delhi that evening.  Let's talk about the food. W...
Avoid!,1,2,5 days ago,2400010,0,Rubbish food....awful taste...nice interior and staff but what is the use if food is horrible ...very bad experience..would never come back....
Avoid!,1,3,5 days ago,2400010,0,"Had ordered Kadai Paneer, and Tandoori Rotis. The paneer was good, but the Rotis were pathetic. Burnt roti were delivered, felt like rubber...."
Great!,4,10,18 days ago,2400010,0,Good place for a quick meal in the mall. One of the best places to have a meal in the mall. Good food and good taste and superb service is a...
Insane!,5,5,one month ago,2400010,1,Cheers to the staff and service. This adds on to the deliocious food served here. This franchise had been satisfying you since 1920 and this...
Average,3,2,28 days ago,2400397,1,Food taste in home delivery is not at all good as compared to taste of food served on visiting the place may be food was not fresh it was di...
Insane!,5,2,one month ago,2400397,1,Good food and nice ambience. Must try Butter chicken and Dal Makhni with Laccha Paratha. Service is also decent enough. One of the best dest...
Insane!,5,5,one month ago,2400397,1,Lovely place for Dinner n Lunch... family restaurant n the Interior is beautiful ü•∞‚ù§Ô∏èüòç I love this place.. Service is great.. Favor...
Great!,4,3,2 months ago,2400397,1,Nice and quite ambience. The rates are bit high and food taste could be improvised and could get better. Otherwise a nice place for family g...
Avoid!,1,2,2 months ago,2400397,1,Cutlery not given. Ordered for Non veg thali and non veg is limited to one small column only with no gravy at all. HATE IT. Don't feel like ...
Insane!,5,7,one month ago,2400105,12,"Have a craving for sweets and you happen to be in civil lines,then without a second thought enter Kamdhenu Sweets...a huge variety of sweets..."
Insane!,5,4,one month ago,2400105,1,"One of the Best Sweet Shop in Prayagraj, situated in the heart of CivilLInes. Yummy ..delicious really sweet sweets.. be it motichoor laddoo..."
Avoid!,1,2,one month ago,2400105,1,I ordered some dessert from here through zomato but he charged extra rate which he doesn't charge in his shop and also charged very high tax...
Insane!,5,2,2 months ago,2400105,1,"Kamdhenu sweets is very good.I orderd 1st time ras malai sweet,really this is very good and so tasty.I am so happy and thank u so much provi..."
Average,3,2,2 months ago,2400105,1,#Rasmali product really Good. I love it. Soooooooooooooo sweet this product and kamdhenu sweets is best Prayagraj. I really good and very ve...
Average,3,5,26 days ago,2400633,0,"Well arranged small place . Service was good . Courteous staff . Prices are little bit expensive. I had tried KitKat shake , butter scotch, ..."
Insane!,5,2,one month ago,2400633,0,It was a good experience at keventers. The place was clean and tidy. Service was also fast. Staff was also cooperative and location is also ...
Great!,4,6,one month ago,2400633,4,"Best and rich shakes ever that to economical , just go and grab yours ‚ù§Ô∏è‚ù§Ô∏è‚ù§Ô∏è Follow our page Prayagrajfoodies on fb and insta fo..."
Great!,4,5,one month ago,2400633,0,It's a nice place but the space is very small.. It's more of a take-away type of place.. The menu is not that wide.. service is nice..prices...
Great!,4,9,2 months ago,2400633,2,"Undoubtedly one of the best place to visit for milkshake. Place is small but well arranged and aptly lit. Service is prompt, shakes price ra..."
Avoid!,1,2,19 days ago,2400172,0,Worst in taste and it's not upto mark ....I prefer don't order from this restro please ....and moreover its of useless taste ...no salt ...n...
Avoid!,1,2,21 days ago,2400172,0,I ordered paneer do pyaaza but they send shahi paneer this is very ridiculous and not fair thus is the first order from zomato i disappointe...
Insane!,5,2,one month ago,2400172,0,"Bliss tatse with Blissful rate .  jab kabhi bhi bhookh satayee , Sirf BLISS RESTRO hi yaad aayeeüòöüòöüòö  Thank you Bliss for Bliss food..."
Avoid!,1,2,one month ago,2400172,0,
Blah!,2,2,one month ago,2400172,0,Whenever ordered on zomato food quantity was very less and the taste is also not good compared to its own delivery or to eat there only the ...
Insane!,5,9,2 months ago,2400045,0,"Always super tasty food (over 100 kinds of dosas!! plus veg sizzlers, biriyanis, paneer tikka, etc!) And the dosas are served SO much faster..."
Insane!,5,5,2 months ago,2400045,0,Great place to visit‚ù§Ô∏è so many types of dosas..& Really great service.. My favorites Include Mexican Dosa; Chinese Bhel; Spring roll Dos...
Great!,4,6,4 months ago,2400045,2,Oh my my ! Dosa plaza is my saviour when I am optionless about where to go to eat and trust me they serve the best Dosa in town . The variet...
Average,3,2,4 months ago,2400045,0,"This place has 100+ types of dosa's, out of which maharaja dosa with extra cheez and butter is the best over here. Its atmosphere is quiet g..."
Average,3,5,4 months ago,2400045,0,Dosa plaza is good for dosa lover.... Varieties of new dosa with too spices and sour available here.... If u want to try something new.... G...
Average,3,10,one month ago,2400053,0,"A small crowded restaurant which serves decent food at decent price. Tried their butter chicken, kadhai chicken and roomali roti. I liked al..."
Insane!,5,3,one month ago,2400053,0,One of the best place for nonveg lover. Mutton handi is one of the best food to order again and again. Visited this place most of the time w...
Insane!,5,2,one month ago,2400053,0,It's an awesome restaurant. Handi chicken is awesome. One of the best chickens are cooked here. My love for chicken is started from this par...
Avoid!,1,2,one month ago,2400053,0,Chicken Kali mirch is very good gay time restaurant. quantity and quality of chicken best . I like it . And taste bi achhi thi according to ...
Average,3,2,one month ago,2400053,0,"I ordered Butter chicken, flavor was OK but the thing anyone would dislike is, it was topped by nutralite instead of butter. Butter would ha..."
Great!,4,3,17 days ago,2400595,0,A place to satiate your taste buds. The ambience is 5 on 5. The food I tried was paneer 69 is was a deliciosa. The tandoori chapati was pret...
Avoid!,1,3,one month ago,2400595,1,Totally unsatisfied this ratoraent very poor condition and disappointed me as well as nit imaging. I never go for book again this rataurent.
Avoid!,1,2,one month ago,2400595,0,Very wrost place Taste of food is very dirty No hygienic atmosphere Toilet ki smell poore restaurant me aati hai Inka food fresh nhi hota ha...
Great!,4,2,one month ago,2400595,1,I for the first time ordered from this restaurant. The food was really delicious. We loved it. And we aspiring to order from this restaurant...
Blah!,2,2,one month ago,2400595,1,Good food Good ambience. A vegetarian place for food lovers...... I loved the ambience here.... Cost of food is high but yeah quality is goo...
Avoid!,1,2,11 days ago,2400074,0,Ordered chole bhature through online. Got a piece of iron particle in choleüò∂.. It usually doesn't happen as I am a regular customer of th...
Insane!,5,2,21 days ago,2400074,0,If you love food and also u want to enjoy eating in a budget with great great quality and very good facilties this is the best place for you...
Average,3,2,one month ago,2400074,0,"A good dhaba cum restaurant in the heart of civil lines. Food is good, prices not very high even for being in civil lines. But first they do..."
Insane!,5,2,one month ago,2400074,0,"Great food , less price , what else is required from a good restaurant. Online ordering is even more beneficial since it gets offers as well..."
Avoid!,1,2,one month ago,2400074,0,Paneer dosa is not good.  Paneer dosa is good but the making process is old and taste b thik h. I have pointed 2 marks out of 5. But paneer ...
Average,3,5,11 days ago,18962044,0,"Simple place with average ambience. Nothing special with their taste. Food was okey. I had tried chicken handi ,Shami kabab, chicken roasted..."
Avoid!,1,2,12 days ago,18962044,0,Blkl ni psnd aya yha yha pe ghatiya tha butter chicken Kali mirch chicken hi sahi tha isse acha to service bi ni achi aur na lighting waste ...
Blah!,2,4,19 days ago,18962044,0,Had gone there expecting the same taste and quality as the original road side joint near Rambagh. Was thoroughly disappointed. The star attr...
Insane!,5,2,7 days ago,2400713,0,First of all. They have great menu. A lot of choices. Second taste is very good. Third quantity is very good. Fourth they have a very good s...
Avoid!,1,2,21 days ago,2400713,0,This hotel owner is doing cheating. I ordered 3 aloo Parantha and 1 Gobhi parantha. But when I recieved tha order 2 parantha was missing. To...
Avoid!,1,2,28 days ago,2400713,0,Too bad food i will order a thali and his grave paneer will be rot please no one try by I will try 1st time on this restaurant and i will su...
Great!,4,8,one month ago,2400713,0,Sweet Shop with quick fast food is of yumm taste... Menu contains too many things for those how arrived here and that also at a pocket frien...
Great!,4,9,one month ago,2400713,0,"The Shop is famous for several varieties of good sweets for quite a long time. The sweets are tasty/delicious, I have tried chenna gilori,it..."
Great!,4,5,one month ago,2400566,1,"If you are craving for some yummy rolls then this place is for you !!!  They serve so many variety of rolls , both veg and non-veg . Beside ..."
Average,3,2,2 months ago,2400566,1,Very bad place as rolls are really expensive and not that great. Competitors offer good rolls at cheap price. Dips are also for 30 rupees an...
Insane!,5,2,3 months ago,2400566,2,One of the best place to visit and the best ever rolles I have eaten.... awesome thanks rolles mania for your serving..Must try Bhuna and mu...
Great!,4,9,3 months ago,2400566,6,As the tagline says- let the good times roll. I decided to let it roll with the tasty rolls. Rolls mania serves both veg and non veg rolls a...
Great!,4,9,3 months ago,2400566,1,"While the usual chicken tastes the same, I love their popcorn chicken. Its packed with some yum spices that really tastes good.service is gr..."
Blah!,2,2,19 days ago,2400524,0,By the way place is good but it‚Äôs too costly specially drinks why to waste money where we can have 130 why we should waste 410 . place and...
Insane!,5,2,3 months ago,2400524,0,"Very nice place, good for party with friends, cooperate party and family gathering. Highly anticipated food taste and recommended to all my ..."
Avoid!,1,2,3 months ago,2400524,2,"Food was good but service was very poor. The place is not managed well, insufficient staff and it was chaotic. No body was listening to what..."
Insane!,5,2,3 months ago,2400524,1,Excellent Food. I never expected that I will be served with such delicious chicken. I ordered uttrakhand chicken and it fabulous. Keep it up...
Average,3,2,3 months ago,2400524,0,The restaurant is like just up to the mark. Service is quite slow but staff is polite and humble. Their hukah I must say is awesome but food...
Avoid!,1,2,4 days ago,2400497,0,Worst experience. Not recommended for anyone else. I will advise all the customers to make the payment after checking items of your order. Y...
Insane!,5,2,11 days ago,2400497,1,Nice food n fast service happy with restaurant n there facility every type of food is available here I advised people to go for it.food was ...
Insane!,5,2,22 days ago,2400497,0,tasty food ... deilvery is also good. must try .. i have ordr 2 times ans both the times food is good.. proper hygienic.. and the paneer rec...
Avoid!,1,2,23 days ago,2400497,0,"Food quality is very bad, not eatabal, total wast of many, I order special thali, overall thali I don't eat only one peace of braids, plz do..."
Insane!,5,3,26 days ago,2400497,1,"Tasty,fresh n budget friendly....love to order again. According to me best thali....and inki kheer to bahut tasty hoti h.Quantity of food b ..."
Avoid!,1,2,9 days ago,2400118,1,
Avoid!,1,2,one month ago,2400118,0,Chip quality. 2nd time magaya hai but bahut hi ganda test ... Tomato Ketchup bhi nhi diya gaya jaldi me bhut hi gatiya de diya gaya plz refu...
Average,3,2,one month ago,2400118,1,Food is tasty but not hot. ND packaging is also very bad. Even they not send a tissue. Plz improve your packaging. And always send a tissue ...
Avoid!,1,2,one month ago,2400118,0,Worst quality food half cooked and foul smell in food worst experience plzz zommato remove them from ur list because they are degarding ur n...
Avoid!,1,2,2 months ago,2400118,0,The burger that i ordered was not pack it was just wrapped with the silver foil no sauce nothing This is the worst way to give food to custo...
Insane!,5,4,18 days ago,18707597,0,We had been there for a lunch..n it was nice experience once again... Ordered nonveg sizzlers n it was delicious... others dishes was also y...
Insane!,5,2,one month ago,18707597,1,The taste of food in this restaurant is too good and yummy. Loved this place.. I will prefer to order from this restaurant again and again..
Avoid!,1,2,one month ago,18707597,0,Worst place in entire UP! double prices for all the stuff. Eg: coke cans of MRP 25 are sold at 49 here! Quality of food is also pathetic. I'...
Insane!,5,2,one month ago,18707597,0,"This restaurant is having great food which also fits in your budget, the taste of food is so authentic. There indish spcl biryani is mindblo..."
Avoid!,1,2,one month ago,18707597,0,"poor quality of food , i ordered last night a double cheez veg burger and a cold drink, burger was like 2 days old and smelly & cold drink w..."
Average,3,2,11 days ago,2400479,0,"Nice place to hangout,service can be improved as it used to be before Gaming zone adds another reason to visit the place if you are a fan !!"
Great!,4,5,one month ago,2400479,1,Ambience is too good. This is the perfect place to sip a cup of coffee for a football fan like me. Food is good. Service is average. Price i...
Average,3,9,3 months ago,2400479,3,"As the name suggests, it's a football based cafe. There's a separate cabin for smokers. They have foosball and PlayStation too. Place isn't ..."
Insane!,5,4,8 months ago,2400479,1,I just love the ambience of this place because I'm a football fan and the whole interior is based on football plus they provide playstation ...
Great!,4,2,"Mar 20, 2018",2400479,1,amazing place for football lovers great ambience service is good musssssst visiting place with ur frnds nd family... do read the false ceili...
Avoid!,1,2,2 months ago,2400006,2,"I ordered two full plates of biryani and they send two half plates of biryani to me and after complaint no assistance further , delivery boy..."
Avoid!,1,2,3 months ago,2400006,0,"Worst biryani i ever ate, khichadi is much better that. It's better to eat daal chawal instead of it, if u are a foody then try some other p..."
Average,3,2,4 months ago,2400006,0,Chicken biryani and tandoori chicken was good...but don't dare to try butter chicken and lachha prantha...worst butter chicken I ever had...
Great!,4,2,4 months ago,2400006,1,"Nice food, quick delivery , value for money, the taste of food was good, packing May be improved a bit but finally a nice junction to recomm..."
Insane!,5,2,4 months ago,2400006,4,"One of the best place to eat biryanis, rumalis, rolls and curries.. Limited menu but taste is upto the mark.. Best part is nature of the own..."
Insane!,5,2,yesterday,18892185,0,I returned to allahabad after a long time and m amazed to see that city holds such a nice place now. Well they have variety of shakes and i ...
Insane!,5,3,yesterday,18892185,0,Nice and amazing food and great service even not to forget the shakes they have one of largest variety of shakes and amazing taste not to fo...
Insane!,5,9,2 days ago,18892185,0,These outlet you must be thinking only too have shakes but it also has superb and yummiest food.I have ordered naughty fries n butter scotch...
Insane!,5,2,25 days ago,18892185,1,It's a cute little cafe and perfect for friends and couples. The staff is very polite and friendly and the food is exquisite. Must visit onc...
Insane!,5,2,28 days ago,18892185,1,"Friendly staff,amazing shakes and snacks.loved it..a must visit place in allahabad.service is quick as well..my personal favourite is bluebe..."
Great!,4,2,18 days ago,18753893,0,"Good place ,but unfriendly to your pockets. If you want good food here,have at least 500 bucks . The food is one of the best in Prayagraj. A..."
Great!,4,7,18 days ago,18753893,7,We walked into this place for dinner after a long amazing day and with a hungry stomach...the place starts dinner from 7 in the evening and ...
Avoid!,1,2,28 days ago,18753893,0,Not up to the mark food.. I received gulab jamun which was not eatable at all. Street food is better then this. Received paneer rice against...
Great!,4,2,one month ago,18753893,0,Your food is great üòãbut some times your delivered for is very bad. So please be consistent on your food taste. Time management is also go...
Blah!,2,2,one month ago,18753893,1,I didn't get raita which was with veg biryani .I was highly dissatisfied with the restaurant service and packaging was also somehow bad.So I...
Great!,4,5,20 days ago,18783480,0,"Beautiful ambiance , with both indoor and outdoor seating areas . I love the whole glass wall thing in their ambiance.  Food is good in tast..."
Great!,4,2,one month ago,18783480,0,"Love the place, ambience and service is fast and good n clean ...... Just availability of them is less...I mean customer h to Thora presence..."
Great!,4,6,one month ago,18783480,0,This is simple place which has a open air sitting too.It is not very spacious but is decent enough. Interiors are very basic and bright.The ...
Insane!,5,3,2 months ago,18783480,0,Service Staff : very polite n proactive. Ready to suggest the better one Ambiance: Very refreshing. Decent enough to visit with friends as w...
Avoid!,1,2,3 months ago,18783480,0,Totally disappointed with Khana Khazana's food service ...I ordered vegetable pizza for three the vegetables were stale and half of the pizz...
Avoid!,1,2,9 hours ago,2400036,0,The food was smelling bad and vegetable is worst in future is will not order from this restaurant. Safe hi jvgghjjhghjbjh hjggvjjjjbgghgfghj...
Avoid!,1,2,2 days ago,2400036,1,"At butter chicken, the piece was just boiled and put in gravy and nothing else. It was tasteless so disappointing. While, gravy was tasty, b..."
Great!,4,2,one month ago,2400036,1,I ordeeed chiken biryani . It was good but i miss something it should be little spicy and must contain spicy gravy. But overall it was a goo...
Average,3,2,one month ago,2400036,0,Wrong food was served to me which cause food poisoning. Plzz serve me better food nxt time n i ordered American chaupsii bt chilli paneer wa...
Great!,4,2,2 months ago,2400036,0,good quality and very good home delivery service. I will recommend my ALL friends for order specially for the home delivery service it's too...
Great!,4,5,yesterday,18985346,1,Lovely Place to visit..Ambiance is really pretty and the look of the cafe is kind of vintage.. The service is so good and warmüôè Food was ...
Average,3,6,4 days ago,18985346,1,This restaurant was really a big disappointment to me as i had really high hopes from this place .The food was not upto the mark. I ordered ...
Great!,4,8,17 days ago,18985346,1,The place is good and will be loved by the coffee addicts as here you get good coffee... I went here for the 1st time as it recently opened ...
Great!,4,5,17 days ago,18985346,1,Ambience of this Cafe is good but not soo attractive. Seating arrangement is good. And this place is very clean so no worries about the Hygi...
Insane!,5,9,20 days ago,18985346,1,"If you have eaten honey chilli potatoes, what really stands out is how crisp these potatoes are, in spite of being tossed in the sauce. They..."
Great!,4,3,one month ago,2400392,0,"Absolutely love there pepper paneer , crispy veg frankie with cheese Maggi to top it all over ‚ù§Ô∏è . Best place for chit chat and to hang ..."
Average,3,5,one month ago,2400392,0,I like the place.. it's different there are games to play..good to hang out with ur friends‚ù§Ô∏è Favorites: Shakes;coffee and sandwiches ar...
Average,3,9,one month ago,2400392,4,"I find Bean Here, Ashok Nagar outlet far better than Civil lines ones. The place is spacious and has better lighting but is mostly crowded. ..."
Average,3,5,one month ago,2400392,0,"This is located on the Ashok Nagar to the new Cantt Road. This houses is a gym also. it is good for coffee and snacks, though did not try th..."
Great!,4,6,3 months ago,2400392,3,I was really craving for food and wanted something to fill my tummy which has to be yummy and I must say the mini thali from @beanhererestro...
Avoid!,1,2,8 days ago,18924376,0,Very poor quality of biryani.... Stale pieces of chicken...not a full plate... It is less than a half plate... Disappointed with the quality...
Avoid!,1,2,9 days ago,18924376,0,
Insane!,5,2,10 days ago,18924376,1,"Zaika biryani ka provides Awesome biryani loved it.The taste ,chicken pieces.,quantity everything is absolutely perfect.When I prefer biryan..."
Great!,4,2,13 days ago,18924376,0,The taste and serving time was good. The only place I deducted 1 star is quantity. I believe the quantity of rice was somewhat less for 2 fu...
Insane!,5,2,13 days ago,18924376,1,Zaika biriyani ka is the best strument for order delivery and it has a great zaika in its food lovely I like that so much this this is amazi...
Insane!,5,3,4 days ago,2400310,0,"Yay, This place is the number one allahabad restaurant in civil lince- I have been a customer for 4 years now, and the food is always the be..."
Average,3,6,one month ago,2400310,0,I visited this place with a friend to have lunch. It was quite a good experience. The service was fine as well as the food. We ordered chick...
Average,3,8,one month ago,2400310,0,This place holds a unique ambience and a good service delivery. I have visited this place only once and I really liked their ancient kind of...
Great!,4,3,2 months ago,2400310,0,Have ordered chicken biriyani which was ok ok not so delicious because of lacking salt and spices the quantity of the biriyani was enough fo...
Insane!,5,8,2 months ago,2400310,1,This place is located at a nice place... Anyone can reach it easily... Food is Good Services are Good and if U are planning for a party this...
Average,3,4,one month ago,2400532,0,food here is good ...... price are not very high ...... but ambience and service is below average ...... we have to wait for a long time for...
Great!,4,9,2 months ago,2400532,0,The staff here treats their customers very well and the service here is top notch I like the food quality also here which is superb and amaz...
Insane!,5,2,2 months ago,2400532,1,Nice ambience nice and polite staff 1st when I visited the hotel it is was the first day of its opening so it was not so good but after expl...
Average,3,5,2 months ago,2400532,0,"Place is located at Medical Chauraha. Food is gud here. The order takes around 30-45 mins to come to the table. Staff is just ok , not very ..."
Great!,4,4,3 months ago,2400532,0,This place is very good.. pocket friendly too. Along with their restaurant their bakery is also great. They serve some really good cakes and...
Great!,4,5,29 days ago,2400289,0,I reached Allahabad today morning from New Delhi via Prayagraj express. As I reached I searched in Google best eatery joint nearby. In top s...
Insane!,5,3,one month ago,2400289,0,"I love the cold coffee, scrambled eggs are a delight. Best place to be for a quick breakfast. Egg sandwich are also good. All things related..."
Avoid!,1,2,one month ago,2400289,0,"Prior reviews misled us. We ordered for Dosa, Pakoda and Coffee for the family. None of it were like itself in the making as well with the t..."
Great!,4,5,2 months ago,2400289,0,Oldest and finest coffee house in prayagraj ‚òïÔ∏è great strong coffee tasty üòã dosa üëç great ambiance provide a place to discuss and ch...
Average,3,8,2 months ago,2400289,0,Oldest Coffee House of Allahabad...And a Political Place of every New Politicians.... As the name suggests.. This place is famous for its co...
Avoid!,1,2,19 days ago,2400039,0,I am upset with the taste of kadhai paneer I ordered from here that was my first and last order at this restaurant.....thing that hurt me mo...
Average,3,6,4 months ago,2400039,0,I have visited here many times with friends when we needed time to sit and chat for long hours because the service they provide is so damn s...
Insane!,5,5,5 months ago,2400039,0,One of the best place to have veg food in allahabad. I frequently visited this place in 2 years and I always loved their food. And I think i...
Well...,2.5,7,9 months ago,2400039,1,Had heard about this outlet so decided to try it out. The place was quite spacious though empty. With just two tables being occupied. Though...
Average,3,4,10 months ago,2400039,0,Food is average if you are a vegetarian. Non veg food is good. Service is not so great. There is nothing special about ambience. Not a place...
Great!,4,6,one month ago,18789245,0,This place is very luxe .The interiors are classy and is very spacious. The service is quick and prompt. The food is quality with quantity b...
Insane!,5,5,one month ago,18789245,0,I love this place so muchü•∞ Perfect for a great dining experience.. Service is ok but the food is awesome Ambience and interiora are so be...
Average,3,2,one month ago,18789245,0,Ambience was excellent. Starters are not good but main course is awesome. In main course paneer rogan josh is excellent. Service is good but...
Great!,4,8,2 months ago,18789245,1,One of the best restaurants of Allahabad for dining with family. It has not only a beautiful ambience but their diverse range of food would ...
Great!,4,8,2 months ago,18789245,1,Makkhan's serve a variety of food with mediocre price range. The food quality is outstanding and the service delivery is also good. The ambi...
Average,3,2,18 days ago,18929374,0,"Ordered online ""cheese burst pizza"" but disappointed as the crust is not seems cheese burst as we found in dominos. But delivery was quick.."
Avoid!,1,2,19 days ago,18929374,0,Worst app for online delivery. My order is not delivered and there is no responsible person of delivery. The delivery person was hungry so h...
Insane!,5,2,28 days ago,18929374,0,Very good quality of food you are surviving and thanku Zomato for delivering us . And Zomato delivery boys a so friendly in nature thanku fo...
Avoid!,1,2,one month ago,18929374,1,"Whatever it was, i cant call it a pizza. Low crust, hard chesse, very less toppings and sauce. Not suggested.. And not satisfied at all. Pai..."
Blah!,2,2,one month ago,18929374,1,Not recommended. Low quality pizzas. Opt for alternate pizza outlets if you can. I've ordered twice for home delivery. Was disappointed both...
Great!,4,2,19 days ago,18814533,0,"It is a good restaurant for south indian food but the management is not so good, they make little mistakes like i ordered breakfast combo to..."
Insane!,5,2,19 days ago,18814533,0,"As name (dosa plaza) suggests, it is nice place for different types of dosa to taste and eat. Enjoy the maharaja dosa specially. Others also..."
Avoid!,1,2,28 days ago,18814533,0,
Insane!,5,2,one month ago,18814533,0,enjoyed my marriage anniversaryat KATRA DOSA PLAZA......... The staff and the delightfulfood made it unforgettable for me and my wife..........
Insane!,5,2,one month ago,18814533,0,LOOKING TO CELEBRATE YOUR SPECIAL DAY WITH UNFORGETTABLE MOMENTS??????........DONT LOOK AND THERE JUST COME TO KATRA DOSA PLAZA................
Avoid!,1,2,16 days ago,18707672,1,"Worst biryani i have ever tasted in my life, quality was like üí©üí©üí©, learn something from Eaton. The packing was zero, there was no z..."
Great!,4,2,23 days ago,18707672,1,Thali was tasty ...loved the food but roti was too oily ...üëç Overall it was a nice experience with this restaurant....will reorder soon t...
Avoid!,1,2,25 days ago,18707672,0,batar paneer masala was very very bad. Nann was not good.online food mangana bekaar hai bhai isse badiya hotel me jaker hi kha lo wo sahi ra...
Avoid!,1,2,27 days ago,18707672,1,Do Not Order From This Restraunt The Food Is Avg Delivery time is too late it once taken 1 hour for my order to complete and on top of that ...
Avoid!,1,2,one month ago,18707672,0,"bhool se bhi na order kare...food poisoning ho sakti hai...maine biryani order kiya tha, it was smelling very bad...baasi lag rahi thi...poo..."
Insane!,5,3,19 days ago,2400421,0,It is a good place to spend time with your family and friends. Good drinks And sweets are available at reasonable prices. I like their packa...
Insane!,5,2,28 days ago,2400421,0,"This is one of my favourite places for anytime meal be it brunch, lunch or dinner. It has always been a wonderful experience here. The ambie..."
Great!,4,4,one month ago,2400421,0,"They serve best coffee, best snacks, best coolers in my area.. Place is crowded but that's fine as the cafe is in college area.. Pocket frie..."
Average,3,3,one month ago,2400421,0,"Dying for chocolate, hop into Kaffe Kona. There you will be introduced to jaw dropping pastries and hot chocolate. Nice place to spend your ..."
Great!,4,5,one month ago,2400421,0,Love this place.. service is good..not too far from my college which is a plus point‚ù§Ô∏è Food is really nice.. Ambiance is beautiful Love ...
Insane!,5,2,13 days ago,18946634,1,My favourite.. fried rice and manchurian.. very delicious in cheap price. Very polite behaviour of staff. Once u come will never forget to t...
Insane!,5,2,13 days ago,18946634,1,"It's very delicious veg Manchurian & veg fried rice at very affordable & economical rate, I think everyone should be try to enjoy the food a..."
Avoid!,1,2,16 days ago,18946634,0,Blue spark Special Thali ke Name par Logo ko Bewakuf Banate ho greavy ekdam 3rd class paneer ki sabji ke satb kaddu ki greavy parathe ke nam...
Insane!,5,2,22 days ago,18946634,2,
Avoid!,1,2,23 days ago,18946634,0,I was hungry since I skipped my breakfast in the morning.. I ordered a thumbs up pet bottle and mattar panner combo which included 4 tawa ro...
Insane!,5,2,12 days ago,2400297,1,This is best for all üòÅüòÅif you been here like Good hotel but not for families. But you packed it and enjoy at home while drinking cold ...
Insane!,5,8,3 months ago,2400297,2,"I don't think this place needs an introduction, Butter Chicken from Spicy Bite has no match with anyone in City and yes even Kali Mirch Chic..."
Great!,4,4,11 months ago,2400297,1,Been going there since the time it was on roadside next to big bazaar... If you like quality street food which doest put any kind of dent in...
Loved it!,4.5,4,"Feb 02, 2018",2400297,2,"This place is located in Indira Bhawan, Civil Lines, Allahabad. One of the best place to have chicken in Allahabad. Must give a try. But not..."
Great!,4,2,"Feb 24, 2017",2400297,0,"Spicy bite is the very old open air restro,approx 400 fr two persons.highly recommended kaali mirch,biryani,buttr chikn wth rumali.....fully..."
Great!,4,4,18 days ago,2400321,0,I like the ambience...we have ordered masala dosa and hakka noodles...dosa was good..but noodles was not up to the mark..It was very simple ...
Insane!,5,3,20 days ago,2400321,0,"One of the few places in Allahabad to eat South Indian food, and it doesn't disappoint. Their Chinese Bhel is a must try. They also have Chi..."
Insane!,5,3,28 days ago,2400321,0,Love their dosa menu and the flavours are overwhelming. staff is great . I usually go their beside thinking dat the place is not dat too spa...
Average,3,4,one month ago,2400321,1,"There were a lot of variations to the traditionally made dosas. They were cut into what seemed like wraps, not really how a dosa should be s..."
Great!,4,5,one month ago,2400321,0,This place serves amazing variety of authentic and fusion dosa . It's a pure vegetarian and other than south Indian dishes they also have No...
Great!,4,9,4 months ago,2400337,2,"Visited this restaurant on a weekday for dinner and suprisingly it was full, we waited for 15 minutes to grab a seat. Coming to the food we ..."
Blah!,2,2,4 months ago,2400337,0,"Had ordered cake . Excellent finish given it was theme based cake but very poor inside.No cream n no fruits ,just sugar syrup and stale brea..."
Blah!,2,2,4 months ago,2400337,0,"I would have given you four stars if instead of serving ""refurbished"" food you served fresh food . Otherwise , it is a good place for a sit-..."
Insane!,5,2,4 months ago,2400337,0,Updated menu of restaurant hope so u will give us ur valuable feedback n we will make sure that we improve our quality aur regarding any com...
Blah!,2,2,5 months ago,2400337,1,Ambience and surrounding is calm and sober and also has a good interior but thought its food quality is decreasing day by day they are servi...
Average,3,2,2 days ago,18707809,0,I am not satisfied for your service bcoz not different between chiken rosted and chiken fried.. don't make made people..not happy for chicke...
Insane!,5,2,21 days ago,18707809,1,They deliver me such a delicious food. The Handi chicken was fabulous. Prices are appreciable. I received the order within 20 minutes. It's ...
Avoid!,1,1,27 days ago,18707809,1,Worst food quality i have ever eaten in Prayagraj(Allahabad). More specifically they provide addle food. Worst experience ever. No one shoul...
Great!,4,2,one month ago,18707809,0,Quality and the taste of food here is awesome.Handi chicken is the best‚ù§Ô∏è I'll suggest everyone out there to visit here once and taste t...
Great!,4,8,one month ago,18707809,2,This place is heaven for Nonveg lovers in Allahabad... Mutton masala is too awesome and even the chicken biryani is also fab.... I enjoyed h...
Blah!,2,2,one month ago,2400232,0,"I thought I should let the restaurant know that ""Soufl√©"" a French dessert is never frozen but always baked. Rather they should name it 'Cho..."
Insane!,5,7,3 months ago,2400232,1,"Just the finest dine in Allahabad, with a prime location and grand decor the restaurant serves with delicious food and wonderful service. Th..."
Average,3,2,3 months ago,2400232,1,I have been there 3 times till now. Ambience is quite clean hygienic and kind of best in allahabad. Though it's little costly for what it se...
Great!,4,9,4 months ago,2400232,1,you must definitely try this once. It's mind-blowing Biryani along with the gravy dishes will surely impress you and your family. The ingred...
Average,3,9,5 months ago,2400232,5,"Relish is a restaurant within 4star hotel Legend. Though the hotel is fine and located on a very prime location, but there is nothing extra ..."
Insane!,5,3,19 days ago,2400602,0,My favorite place to have fun time with friends. As this place is good for their green environment and I like that cat very much. And I have...
Great!,4,2,one month ago,2400602,0,Chilli potato ‚úå Chowmin üëç Nice place to hangout with friends Pretty reasonable Had a good experience at every visit Service is pretty g...
Great!,4,5,2 months ago,2400602,0,Good ambience with decent hukka and satisfactory taste. Price of hukka is very low in comparison to others still better than most. I love th...
Average,3,9,4 months ago,2400602,2,Visited this restaurant after 2 years it was our favourite place in our college days to hang out. My favourite order is cold coffee with ice...
Great!,4,8,4 months ago,2400602,0,I admire this place as it's unique in arrangements and ambience. The open space looks attractive and has sections divided for sitting which ...
Insane!,5,8,20 days ago,2400579,0,Moti Mahal is one of my favorites food chains... Every time i found it better and my taste buds get amazed to be here... Ambience and Servic...
Great!,4,9,one month ago,2400579,3,"Decent ambience, scarlet colour though deep and dark yet soothes the eyes, trained and friendly staff, apt lighting and seating arrangement...."
Avoid!,1,2,4 months ago,2400579,0,I think it don't deserve even one rating .I had ordered fish curry.they just made foolish by putting two small or say smallest peices and ex...
Great!,4,8,4 months ago,2400579,0,The place looks quite attractive and the vibes are perfect. The food quality is awesome. The prices are a little high but then it's worth be...
Great!,4,3,5 months ago,2400579,0,"Very tasty food, ordered chicken lababdar, murg tikka masala and.murg musallam along with garlic naan. No two flavors were similar. Food was..."
Insane!,5,2,4 days ago,2400048,0,"My one of the favourite place in allahabad..the buffet is very good, a quite place with hospitable staff. The food is very delicious and you..."
Avoid!,1,3,5 months ago,2400048,5,"Probably the worst possible food served in a good ambience. Road side dhabas serve better food than the overpriced, bland and tasteless food..."
Insane!,5,3,6 months ago,2400048,0,Located at the heart of the city. Parking and valet facilities. Ambience was nice with live music and soft lights. Presentation of food was ...
Great!,4,4,7 months ago,2400048,1,I like the cake...simple garnishing is fine...taste was good...but the size is too small... It's like very flat n small... otherwise the cak...
Great!,4,8,9 months ago,2400048,1,Sweets here are amazing.. Service is also good. one thing you have to remember before going to this place is pre book it or you will find yo...
Average,3,2,19 days ago,18929450,0,"The food was good but the packing was poor. No disposable spoons, napkins or anything of that sort was provided. My Missi Roti's packing was..."
Average,3,7,27 days ago,18929450,7,We ordered dinner through zomato just to get rid of the mess food and it turned out to be okay... The chapatis weren't soft but the mushroom...
Avoid!,1,2,one month ago,18929450,0,This is the worst restaurant which I have ever seen on zomato. I had ordered chicken curry and chicken biryani from there. And there was so ...
Insane!,5,2,one month ago,18929450,0,Chat chatore ia good resturant i like very much and is food is very tasty and her service is very good when i order food he delivered shortl...
Avoid!,1,2,one month ago,18929450,0,Ordered food recently from here....the food was extremely low in quality...i had to dump it to the dustbin as it can't be consumed....worst ...
Insane!,5,2,15 hours ago,18811619,1,Good place for chaat lovers...especially sevpuri n dahipuri are awesome....north indian cuisine is also good..presentation is nice...must tr...
Insane!,5,2,6 days ago,18811619,1,Excellent theme with perfect presentation of food and service! The cuisine was so absolute. The pan gulukand drink was so mouth watering.The...
Great!,4,9,one month ago,18811619,2,"This place has got a really decent ambience with generous and active staff members..Famous for their chaats and other street delicacies, thi..."
Avoid!,1,2,2 months ago,18811619,1,Not sure about North Indian food but the rest what we ordered is pathetic. Service was not at all good. Food served was not hot. Prices are ...
Insane!,5,2,3 months ago,18811619,1,Its a mumbai based chain...located in civil lines prayagraj...menu is very good with great food n presentation..staff is polite..a must try ...
Great!,4,2,7 days ago,2400689,0,
Insane!,5,6,one month ago,2400689,0,"Next to the AG office, this roadside place serves hot and tasty food. Since I went here in February, even thr basic infrastructure on the fo..."
Avoid!,1,2,one month ago,2400689,0,Worst restaurant i have ever visited. These people doesn't even know how to talk with customers. Never place any order from this bhojnalaya.
Insane!,5,2,2 months ago,2400689,1,Wo my favorite place.... Best quality fabulous swad..... Tasty.... Best in all quality clean and sufficient space customer service is very g...
Great!,4,5,2 months ago,2400689,0,Totally pocket friendly restaurant. Food is brilliant here. It is a kind of dhaba with good quality of food. Paneer butter masala is quite f...
Avoid!,1,2,4 days ago,2400625,0,The food delivered was cold and no accessories like chatni and gravy in biryani..so do provide full meal as per ordered..so provide chatni o...
Average,3,2,4 days ago,2400625,0,My first order from vilayat cafe lounge and restro of chicken kadhai & bread butter and the quality of food was good need a little bit more ...
Average,3,2,9 days ago,2400625,1,Very nice food . But little spicy otherwise i gave 4 star but gud i like to order from vilayat cafe I like it. Order accepted very soon and ...
Blah!,2,2,22 days ago,2400625,0,Really bad taste like packaging and no souce or spoon provided . Disappointed. Hope zomoto will do something to ensure quality and presentat...
Avoid!,1,2,one month ago,2400625,1,I will give my feedback based on online delivery through zomato. I ordered chicken biriyani which were the worst period.¬† so never ever ord...
Blah!,2,2,11 days ago,18708529,1,Fraud h first time users ke liye free meal show krta h but jb delivery hoti h to free meal nhi dets h fraud h Balaji restaurant.Mujhe Mera f...
Great!,4,3,one month ago,18708529,2,I ordered idli and masala dosa...the packaging was superb...the idli was fluffy and tasty..the dosa was good too... however the taste of coc...
Average,3,3,one month ago,18708529,1,"I think you can go here for launch , I satisfied this resatarent and zomato voilet is very good .... I thik to improvement in food packing. ..."
Insane!,5,2,one month ago,18708529,1,Jhakkasss & Jabardast üëåüëå having good experience at balaji idli house which provides good food quality with good taste at affordable pr...
Insane!,5,2,one month ago,18708529,0,This thali of balaji idli house cost rs 210 Best in taste Best in quantity U will confuse what to eat and what to skip Best value for money ...
Avoid!,1,2,2 months ago,17960073,0,"So bad packing and taste is very very bad , in future i will not make any order from Ravisha its not worth of money Waste of money dont make..."
Great!,4,9,3 months ago,17960073,0,Lovely place to have dinner after a long day. The place is relatively empty during dinner but don‚Äôt let that fool you. Trust the reviews. ...
Great!,4,4,5 months ago,17960073,0,Ambience is very good the staff were also very polite and their food was way tasty very well maintained location is also a prime near Allaha...
Insane!,5,3,5 months ago,17960073,0,Best of the best place for food lovers. Though the name of the dishes are same but the flavors aren't. Chicken lababdar yummy Murg patiala y...
Great!,4,2,8 months ago,17960073,0,"Excellent food. Great presentation. Only drawback is service. The manager denied us taking big table, although we were 5 adults and 4 childr..."
Average,3,2,7 days ago,18974130,0,No offence but not up to mark I have ordered a veg pizza And at receiving time it was all cold and freezy and the toppings are also just for...
Insane!,5,9,19 days ago,18974130,0,The crispy taste of USPFC is the best one for place to hang out for delicious chicken n burger n pizza. Must visit place for non veg lovers ...
Insane!,5,5,23 days ago,18974130,0,"Fully satisfied with the taste and quality!! I love this place now..i will visit again and again and again...  I ordered cheese sandwiches, ..."
Great!,4,8,29 days ago,18974130,0,This place is super amazing and whole credit goes to the food they serve. I've been to this place quite a many times and I've tried so many ...
Insane!,5,5,one month ago,18974130,1,Wow!Just Amazing.. It's new & I've been here already 4 times with my friends.. It's so affordable..The service is quick..The atmosphere is g...
Great!,4,2,2 days ago,2400262,0,Like the food has a lot of variety Fresh food Overall good Handy quick food cravings Khandvi khaman must eat Sweets r ok too Do try would li...
Average,3,3,29 days ago,2400262,0,It's basically a dine out for Indian street food. Not a restaurant but a casual eating spot.  Attractions:  ‚Ä¢ fresh food (always) ‚Ä¢ amaz...
Average,3,8,one month ago,2400262,0,A prominent place and restaurant in katra area... I bought rasgullas and milk cake from this Shop.. Taste of the sweets were amazing. Ambien...
Insane!,5,3,one month ago,2400262,1,Very good and heigienic packing of this restaurant. I m happy with this. I placed lots of time order with this restaurant. Zomato is a good ...
Avoid!,1,2,5 months ago,2400262,0,denied to deliver at home. not happy no one ready to delivery in allahabd. but in this app showing home delivery option. i don't know why th...
